idx,split,y,class_name,record_id,subject_id,rms,std,ptp_p99_p01,mean_abs,low_amp_ratio,flatline_ratio,contact_loss_win_ratio,local_rms_cv,baseline_step,diff_abs_median,diff_abs_p95,detail_instability,lf_ratio,hf_ratio,qrs_band_ratio,spectral_entropy,qrs_peak_count,aggressive_peak_count,spurious_peak_density,qrs_prom_median,qrs_prom_p90,qrs_width_median,qrs_slope_median,qrs_count_low,qrs_count_high,qrs_count_deviation,periodicity,qrs_visibility,clipping_like_ratio,fatal_or_score,medium_detail_unreliable_score,sqi_iSQI,sqi_bSQI,sqi_pSQI,sqi_sSQI,sqi_kSQI,sqi_fSQI,sqi_basSQI,hjorth_activity,hjorth_mobility,hjorth_complexity,zero_crossing_rate,diff_zero_crossing_rate,sample_entropy_proxy,amplitude_entropy,higuchi_fd_proxy,template_corr,detector_count_std,detector_agreement,rr_count_detector_a,rr_count_detector_b,rr_count_detector_c,non_qrs_rms_ratio,non_qrs_diff_p95,band_0p3_1,band_1_5,band_5_15,band_15_30,band_30_45,wavelet_e0,wavelet_e1,wavelet_e2,wavelet_e3,wavelet_e4,pc1,pc2,pc3,pc4,pc5,pc6,pc7,pc8,pca_own_distance,pca_nearest_other_distance,pca_margin,knn_label_purity,nearest_other_class,is_clean_strict,is_clean_train_target,clean_tier,class_margin_percentile,class_centrality_percentile,ambiguous_type,pca_margin_rank,own_centrality_rank,boundary_confidence,original_region,region_confidence,selected_l7110,selected_l7110_rank,balanced_pred,balanced_pred_class,balanced_p_good,balanced_p_medium,balanced_p_bad,balanced_gm_margin,good_raw_pred,good_raw_pred_class,good_raw_p_good,good_raw_p_medium,good_raw_p_bad,good_raw_gm_margin,medium_heavy_pred,medium_heavy_pred_class,medium_heavy_p_good,medium_heavy_p_medium,medium_heavy_p_bad,medium_heavy_gm_margin,disagreement_group,best_pred,best_pred_class,v2_pred,v2_pred_class,v2_p_good,v2_p_medium,v2_p_bad,best_gm_abs_margin,v2_gm_margin,waveform_group,heldout_gate_pred,heldout_gate_pred_class
6249,train,0,good,100001,100,0.2701392826469904,0.2690727394332933,1.7302535519003863,0.1528039892415632,0.1776,0.2449959967974379,0.0,0.1427695278070674,0.6378646210253676,0.0111014544963836,0.2188453741371631,1.97131985792012,0.1026909731477609,0.1207197948123203,0.5673481789581085,0.8068451504709326,21.0,57.0,3.6,4.957663344942519,5.991682314034976,0.0234590064677718,3.384509041547025,0.0,0.0,0.7142857142857143,0.7252444583545322,0.6114611457914138,0.0152,0.9657583584985626,0.6114611457914138,0.0,0.923076923076852,0.6166767606403516,3.29209564173561,17.835315840411965,0.0016012810248198,0.9527351553556308,0.0724001437246822,0.5917590898310957,1.7591444859424494,0.0680544435548438,0.3717948717948718,0.3962247504429843,0.7101131664373324,1.387255686096001,0.6250336908510492,1.247219128924647,0.4449944320643648,21.0,18.0,19.0,0.3962650987098053,0.0578803997486829,0.1026909731477609,0.169547471714471,0.4675260330715469,0.2438616453053519,0.0163610626236308,0.4765416148885582,0.2488051628338652,0.209907103321703,0.0588818039754379,0.0058643032154472,-2.9516523906565424,-0.3864174534638674,-0.5576732737640081,-1.1758348657403772,0.8545297953719759,-1.040879542779933,-0.0322174010262312,-0.5814243494099794,2.203822475983143,4.091898691141021,1.8880762151578785,0.9333333333333332,medium,False,False,ambiguous_boundary,0.5022589919615091,0.9777034559643256,good_medium_boundary,0.5022589919615091,0.9777034559643256,0.7482239042422109,good_medium_overlap,0.6584370357331456,True,3954,1,medium,0.47833085,0.5124613,0.009207868,-0.034130454,1,medium,0.47833085,0.5124613,0.009207868,-0.034130454,1,medium,3.0963909e-06,0.9999969,4.5354553e-15,-0.9999938,other,1,medium,0,good,0.9999347,6.4428765e-05,8.3457667e-07,0.034130450000000034,0.99987024,best_good_to_medium,0,good
18075,train,0,good,105001,105,0.2424327317571581,0.2416173160363214,1.5390680351853367,0.1424439627840271,0.2216,0.2570056044835869,0.0,0.1142848882440422,0.796262064690657,0.0105069484561681,0.2059491299092757,1.9601212926503195,0.0314176902842036,0.1374497512488575,0.5590621315641598,0.8144404016553156,17.0,65.0,4.8,5.399390962564843,6.235815756117469,0.0212850754349383,3.39417470050293,0.0,0.0,0.4285714285714285,0.7646805619588207,0.5204474173585797,0.0152,1.0,0.5204474173585797,0.0,0.8461538461537811,0.597247097132739,3.173997560338868,17.29709323217176,0.0072057646116893,0.954957832338757,0.0583789325762494,0.5738910481659166,1.7956890070486813,0.0608486789431545,0.3557692307692308,0.3197033378984,0.7104487570101901,1.3811253221145214,0.7853313995757275,0.816496580927726,0.5505102572168219,17.0,16.0,15.0,0.4400849747484274,0.0387398898601532,0.0314176902842036,0.2344362650411381,0.4636447712130663,0.2480121714979677,0.0224809796327971,0.495647611713769,0.2720517720744155,0.1721206425228462,0.0553700148537063,0.0048099436137514,-3.1752366357085453,-0.3754089460338985,-1.7713771639590652,-1.9027412748279724,-0.5796200826193432,-0.396471821246346,0.1220872472409116,-0.4142945267538771,2.867267740380729,4.72313327206263,1.8558655316819008,0.9333333333333332,medium,False,False,ambiguous_boundary,0.4958047292143402,0.9045355864577832,good_medium_boundary,0.4958047292143402,0.9045355864577832,0.7306859121046763,good_medium_overlap,0.6430036026521151,True,4387,1,medium,0.5404356,0.45068395,0.008880458,0.08975166,0,good,0.5404356,0.45068395,0.008880458,0.08975166,1,medium,0.0031488216,0.99685115,1.0021754e-12,-0.99370235,good_rescued_by_raw,1,medium,0,good,0.99999714,2.8228314e-06,1.5783465e-08,0.08975165000000002,0.99999434,best_good_to_medium,1,medium
8472,train,0,good,100002,100,0.2325971752721385,0.2313461038294963,1.5765020567178727,0.1178184090317616,0.3136,0.2842273819055244,0.0,0.0884742765805625,0.7542009129346847,0.0074119232594966,0.1183761656284321,1.5971024223236268,0.0402281209837759,0.1136020550643089,0.5456889330611768,0.8230534463751844,17.0,54.0,3.7,5.745499700976101,6.421133564763653,0.0237599450256966,3.860648016765911,0.0,0.0,0.4285714285714285,0.7371842602827761,0.6670756599423316,0.0152,0.925,0.6670756599423316,0.0,0.9090909090908263,0.6298678440362661,3.634715539031643,20.98655073194794,0.010408326661329,0.9511976081378064,0.0535210251301661,0.5843029943677508,1.8107557614246887,0.0872698158526821,0.3533653846153846,0.297716481401357,0.6833513880700055,1.3213693534589623,0.7105664074446517,0.4714045207910317,0.6796227589829592,17.0,18.0,17.0,0.3753076202663474,0.0419314051046967,0.0402281209837759,0.2618561275556807,0.4640734043516764,0.2168613649820847,0.0169709685656938,0.4582666716581488,0.3365279039989487,0.1441345706383284,0.0568065701650999,0.004264267965057,-3.9580294369932,-0.3637858630735717,-2.8518348409436443,-1.026191306871549,-1.4024614126681063,-0.3518884575131796,0.2031426588198314,0.2997263914021131,3.238944696547234,6.034500569476536,2.795555872929301,1.0,medium,False,False,ambiguous_boundary,0.7250484069706038,0.8385847562048935,good_medium_boundary,0.7250484069706038,0.8385847562048935,0.8439887343777503,good_medium_overlap,0.7427100862524203,True,2093,1,medium,0.5657743,0.4271022,0.0071234405,0.13867211,0,good,0.5657743,0.4271022,0.0071234405,0.13867211,1,medium,1.1879192e-07,0.9999999,1.4459936000000001e-16,-0.99999976,good_rescued_by_raw,1,medium,0,good,0.99999595,4.1079584e-06,2.72532e-08,0.13867209999999996,0.99999183,best_good_to_medium,0,good
164,train,0,good,100001,100,0.2517120105490931,0.2469331360074571,1.508953524827957,0.1410564619212178,0.1848,0.1689351481184948,0.0,0.1634241763685206,0.6744743499923973,0.0136908963322639,0.1959550857543942,1.4312791352067549,0.0312516652214042,0.1074626369663382,0.5815289507806424,0.7799692064256026,21.0,65.0,4.4,5.129559478211659,5.729880332782462,0.0244622967424429,3.3451008495946675,0.0,0.0,0.7142857142857143,0.742519413462758,0.5524050632095047,0.0152,1.0,0.5524050632095047,0.0,0.923076923076852,0.6476163113149569,3.26977702202865,16.495297307410212,0.0064051240992794,0.975587492508232,0.0609759787198147,0.573571286950806,1.7742754937689282,0.066453162530024,0.391025641025641,0.3915924396887967,0.7274522587353693,1.325557963934326,0.6264321693419651,2.0548046676563256,0.3273531727209285,21.0,16.0,19.0,0.4490026552792349,0.0556292086839676,0.0312516652214042,0.2449549839823861,0.4999291884485393,0.2116922981503529,0.0121683981871701,0.4052510481110633,0.3725628884086399,0.1588341163495082,0.0587485001055742,0.0046034329332748,-2.823853099782461,-0.2657424721715196,-0.0301269704393492,-1.1928877208371105,0.1473804821692822,-1.2222459928935254,-0.1707621447164721,-0.2091640564286826,2.221915572767347,3.528800252785931,1.3068846800185838,0.9,medium,False,False,ambiguous_boundary,0.3871970897142522,0.9766473038784252,good_medium_boundary,0.3871970897142522,0.9766473038784252,0.6845681511470986,good_medium_overlap,0.6024199730094467,True,5637,1,medium,0.4149969,0.5784177,0.0065853894,-0.16342083,1,medium,0.4149969,0.5784177,0.0065853894,-0.16342083,1,medium,0.0005028908,0.99949706,1.4065238e-13,-0.9989942,other,1,medium,0,good,0.99999976,1.9421516e-07,6.0765554e-10,0.16342080000000003,0.9999996,best_good_to_medium,0,good
7349,train,0,good,100001,100,0.3071669302188875,0.3035479449694274,2.018805474042892,0.153245839718826,0.2312,0.1753402722177742,0.0,0.1404810890604663,0.6896292090717112,0.0161445029079914,0.3734708786010708,2.313299142126522,0.0216762830193743,0.1403269807635622,0.595389155577935,0.8310957221986467,21.0,68.0,4.7,5.6020986610223895,6.028971250172204,0.0226999824720178,3.887240612382195,0.0,0.0,0.7142857142857143,0.7309221648085789,0.5851629458334037,0.0152,1.0,0.5851629458334037,0.0,0.9285714285713622,0.6098385551067923,3.8659224490961774,20.77096871045721,0.0056044835868694,0.9700704376013684,0.0921413588242037,0.6469109558660205,1.6520975455826596,0.0952762209767814,0.4415064102564102,0.3925890851024622,0.6848267051987507,1.3988757870100932,0.6850703874009793,1.699673171197595,0.3704152082810796,21.0,18.0,22.0,0.3002543737472451,0.0822431460022926,0.0216762830193743,0.1948023875934581,0.4941131999258448,0.2682204256711187,0.0210979629039185,0.3382909876772525,0.3713088374955817,0.177011386341289,0.1044151526808419,0.0089736253290697,-2.843908204613629,-2.297086456949586,0.3527959261215517,-1.320266409598421,1.3856689094170271,-0.3963882291877935,-0.1042296821001102,-0.5708164917217693,3.206099695553677,4.560499272937664,1.3543995773839868,0.9333333333333332,medium,False,False,ambiguous_boundary,0.396291732676172,0.8442762424455789,good_medium_boundary,0.396291732676172,0.8442762424455789,0.6738531948600599,good_medium_overlap,0.5929908114768527,True,5925,1,medium,0.59015375,0.40443808,0.0054082307,0.18571568,0,good,0.59015375,0.40443808,0.0054082307,0.18571568,1,medium,2.2269596e-07,0.99999976,2.8382978e-16,-0.9999995,good_rescued_by_raw,1,medium,0,good,0.9999963,3.7044895e-06,2.5518071e-08,0.18571567000000005,0.9999926,best_good_to_medium,1,medium
23875,test,1,medium,111001,111,0.2085178796395823,0.2008849621000135,1.0895942980051037,0.1542086545374244,0.0808,0.1577261809447558,0.0,0.3827177402700414,1.0887797560650818,0.0119321048259735,0.1584188029170035,1.3276674355510032,0.2980341427302925,0.1334806702521598,0.3771720485458029,0.7722002702914267,21.0,75.0,5.4,2.333261861972848,5.212150034259016,0.0218435897508743,1.9821640617710667,0.0,0.0,0.7142857142857143,0.7499584583535887,0.137506430667827,0.0152,1.0,0.137506430667827,0.0,0.7692307692307101,0.5689233418988634,1.5307272296519832,8.121024934867165,0.0056044835868694,0.8443074854957695,0.0403547739802247,0.4565643082336745,2.685680743459036,0.0408326661329063,0.5256410256410257,0.4550564351251465,0.7858635970429987,1.5947403995574467,0.5451446272906818,1.699673171197595,0.3704152082810796,21.0,18.0,17.0,0.777520668451572,0.0888553727418184,0.2980341427302925,0.161132595611529,0.3096551864101017,0.1925225415819644,0.038343277626801,0.8287612481814522,0.07958130771279,0.0589003578701224,0.0293739713196764,0.0033830996945264,-1.0112540797493483,5.364223870148224,0.5953994470445234,-2.387298670685356,0.2547611426739803,-0.197311802411117,-0.981953143236688,-0.3688159600353777,5.2201250171982085,7.061368660004042,1.8412436428058336,1.0,good,False,False,ambiguous_boundary,0.4699849454271735,0.3382574331953331,good_medium_boundary,0.4699849454271735,0.3382574331953331,0.6291447120812947,good_medium_overlap,0.5536473466315394,True,4030,0,good,0.9995993,0.00037228357,2.8437216e-05,0.999227,0,good,0.9995993,0.00037228357,2.8437216e-05,0.999227,0,good,0.9999963,3.6623294e-06,2.2982486e-12,0.99999267,other,0,good,0,good,0.99999964,3.311455e-07,1.2685976e-09,0.99922701643,0.9999993,best_medium_to_good,0,good
21818,train,1,medium,105001,105,0.2743961240762029,0.2638754524358825,1.760789870023727,0.1312161350886344,0.3032,0.1313050440352282,0.0,0.1053945338641438,0.2704789313982126,0.0197470337152481,0.2972989857196804,1.5055366768146388,0.0036529864201993,0.1635112350837426,0.5254403465302114,0.8130046269028309,25.0,78.0,5.3,5.338540375235486,6.326424831789298,0.0210941547986673,3.45799654542239,0.0,1.0,1.0,0.7876271069081093,0.4452515086871839,0.0152,1.0,0.4452515086871839,0.0,0.923076923076852,0.5585605022628337,3.8362556714696936,20.98963838112925,0.0064051240992794,0.977760395120092,0.0696302591207327,0.6767984340964517,1.6344092499614296,0.1232986389111289,0.4006410256410256,0.4014019851835179,0.6585113862964891,1.4178296229059844,0.5027892983219804,2.0548046676563256,0.3273531727209285,25.0,20.0,23.0,0.446889223420888,0.0749202338978648,0.0036529864201993,0.262541397628308,0.434590952337029,0.2661637423356043,0.0329049685347908,0.3911894991888236,0.3269619535042424,0.1905777721502286,0.084862163114093,0.0064085993068408,-1.2224208079546657,-1.7736443285548862,1.703729404075634,-0.4523304675725424,-0.0568634282771564,0.1850472113668546,0.330520553844188,0.8338374049304677,2.829792014533054,3.846775916210924,1.01698390167787,0.8,good,False,False,ambiguous_boundary,0.2657132103876553,0.8348701543093715,good_medium_boundary,0.2657132103876553,0.8348701543093715,0.5665449755363192,good_medium_overlap,0.4985595784719609,True,6691,0,good,0.9996037,0.0003707767,2.5451813e-05,0.9992329,0,good,0.9996037,0.0003707767,2.5451813e-05,0.9992329,0,good,0.9999963,3.6462673e-06,2.604242e-12,0.99999267,other,0,good,0,good,0.99999976,2.845447e-07,1.4361803e-09,0.9992329233,0.99999946,best_medium_to_good,1,medium
23356,test,1,medium,111001,111,0.2732222670823058,0.2668302411624629,1.6141430558264254,0.1266794131674687,0.2464,0.077662129703763,0.0,0.1227237652247538,0.5006232007073463,0.0301338881254196,0.4910338222980496,1.6295064788973823,0.0133873471626093,0.2089573612406744,0.5828002528176891,0.6786060111779618,21.0,89.0,6.8,5.279042472975431,6.596838449693985,0.0186654226450557,3.5597600618478302,0.0,0.0,0.7142857142857143,0.929663609907041,0.3944393958827435,0.0152,1.0,0.3944393958827435,0.0,0.8999999999999551,0.5980358448547861,4.085483159382403,22.11272687614646,0.0016012810248198,0.9848769790182674,0.0711983822622134,0.7376951722635023,1.5734287021634037,0.177742193755004,0.5016025641025641,0.4744837959709936,0.6116222111119207,1.5416079692039002,0.9568123063092732,2.3570226039551585,0.297883010624303,21.0,21.0,26.0,0.2376543704522769,0.1107801607809961,0.0133873471626093,0.1378853275138458,0.5058147201275304,0.2934163019024055,0.0494768048360048,0.2892139491798648,0.3345498422343242,0.2340739691004708,0.1266208798564556,0.0155413446633437,-0.2911567102777809,-2.845364332537556,0.9963351222588293,-1.8521791085946264,-0.6655029082185967,1.2518244395483042,0.9702316344482154,-0.0882191946663324,3.895129649128476,5.376961365918606,1.48183171679013,0.9,good,False,False,ambiguous_boundary,0.3692133985698155,0.6062288295069628,good_medium_boundary,0.3692133985698155,0.6062288295069628,0.6023917952578095,good_medium_overlap,0.5301047798268723,True,4401,0,good,0.99963725,0.0003393278,2.3361918e-05,0.9992979,0,good,0.99963725,0.0003393278,2.3361918e-05,0.9992979,0,good,1.0,5.3076096e-08,6.377354e-14,0.99999994,other,0,good,0,good,0.9999999,7.811708e-08,2.3713584e-10,0.9992979222,0.9999998,best_medium_to_good,1,medium
17256,train,1,medium,105001,105,0.3233991954492213,0.3106509651981965,2.085810697972774,0.1538659686113009,0.3232,0.0824659727782225,0.0,0.1329811490591786,0.2613483003725639,0.0318871960043907,0.3967206034809337,1.2441372361890444,0.0021295757887882,0.1940234458468075,0.5054625875814808,0.7366561985049463,29.0,85.0,5.6,5.300854506349329,5.7978109550000765,0.0211850390295912,3.846609577076208,0.0,1.0,1.0,0.8300266400165042,0.4059672174503462,0.0152,1.0,0.4059672174503462,0.0,0.8666666666666089,0.5293005574726349,3.682932541233508,19.085469250775475,0.0048038430744595,0.9951120037022138,0.0965040259655519,0.7229026539130317,1.5400501334282015,0.1609287429943955,0.4375,0.4647542372874818,0.6403104087730096,1.458786532979819,0.5906712591803824,2.160246899469287,0.3164309725825327,29.0,25.0,30.0,0.4036791198685568,0.1552760943770405,0.0021295757887882,0.2345342842257582,0.4027665470140705,0.3209218831349705,0.0395504336832559,0.2944864695525539,0.3612285984137832,0.2350178082120191,0.0998700204343867,0.0093970934477366,-0.1449453864215218,-3.07116626471048,3.070234260587024,-0.8607857464691412,1.070711241258948,0.5106186652746701,0.0912113557059338,-0.0126537371391269,4.268011948809271,5.975890057676251,1.7078781088669803,0.9666666666666668,good,False,False,ambiguous_boundary,0.429619872036131,0.5100677455777193,good_medium_boundary,0.429619872036131,0.5100677455777193,0.6336758248651362,good_medium_overlap,0.5576347258813198,True,3961,0,good,0.99969065,0.00029128342,1.8111372e-05,0.99939936,0,good,0.99969065,0.00029128342,1.8111372e-05,0.99939936,0,good,0.9999745,2.5525878e-05,2.164872e-11,0.999949,other,0,good,0,good,0.9999999,8.015711e-08,2.4132543e-10,0.9993993665800001,0.9999998,best_medium_to_good,1,medium
16502,train,1,medium,105001,105,0.276580795283934,0.2702774830939393,1.8246640124917024,0.1373962256869621,0.288,0.1409127301841473,0.0,0.1506766672724236,0.2931479729157574,0.0196352750062942,0.3787413798272596,1.928881499330674,0.0077478388376607,0.1751333066881426,0.5517312460645232,0.8133956571667802,28.0,66.0,3.8,2.896834185206206,6.124329463693599,0.0215540845646364,2.286807441641016,0.0,1.0,1.0,0.8327884042112502,0.3329737363846099,0.0152,1.0,0.3329737363846099,0.0,0.9285714285713622,0.5690825124005165,3.724491338947566,20.39992562780613,0.0024019215372297,0.988372280188774,0.0730499224620451,0.6814461825627146,1.5828640181204745,0.1136909527622097,0.3733974358974359,0.4005620512505254,0.6518767506271788,1.4079188333489034,0.5659129323754852,3.858612300930075,0.2058200856669654,28.0,19.0,26.0,0.4354530959289497,0.1147761410509701,0.0077478388376607,0.2253471498792536,0.450694736784254,0.2851114832875826,0.0310514000137775,0.3357824871434078,0.330873804700474,0.2112446949541586,0.1148206528051004,0.0072783467697512,-0.8678540262536625,-1.3593090808600885,3.009408643226563,0.6207132539404049,0.3749463006140674,0.1614799087263254,1.3264007980886003,0.1890415307087624,3.3953949708419127,4.826104826730646,1.430709855888733,0.4666666666666667,good,False,False,ambiguous_boundary,0.3568874670681219,0.7222431313511479,good_medium_low_purity,0.3568874670681219,0.7222431313511479,0.4683813197842177,outlier_low_confidence,0.1170953299460544,True,5551,0,good,0.9996923,0.00028715824,2.054678e-05,0.99940515,0,good,0.9996923,0.00028715824,2.054678e-05,0.99940515,0,good,0.999853,0.00014695119,5.89977e-12,0.9997061,other,0,good,0,good,1.0,3.340356e-08,9.383285e-11,0.99940514176,0.99999994,best_medium_to_good,1,medium
6234,train,0,good,100001,100,0.2887491759167441,0.2868942413240479,1.86488505333662,0.1537871164891679,0.196,0.2530024019215372,0.0,0.145446866912371,0.5287576789750021,0.0108668059110641,0.3038661032915109,2.796275429513137,0.040953765616724,0.1259995954787384,0.6150124516711294,0.801799309782402,21.0,56.0,3.5,5.3331604962704615,5.912663684309419,0.0238706497910588,3.6275872514919456,0.0,0.0,0.7142857142857143,0.7343854178936273,0.7288800248815364,0.0152,1.0,0.7288800248815364,0.0,0.8571428571427959,0.6251272397188835,3.622554930837361,19.089155053662864,0.0040032025620496,0.9654015737651368,0.0823083099670163,0.6195472425032231,1.6971380928304485,0.066453162530024,0.3309294871794871,0.3099856914980435,0.7033484702866538,1.3502961521907535,0.6719315295215799,0.4714045207910317,0.6796227589829592,21.0,20.0,20.0,0.3559683731275565,0.0522003367193974,0.040953765616724,0.1718150512971744,0.5175302656162912,0.2521729490131768,0.0174939084165404,0.3589930417042573,0.3906948821232897,0.1763015473622074,0.0660305575558456,0.0079799603042213,-3.271213663399365,-1.9499938420614136,-0.8889174403894355,-1.702881981618197,0.8110184333848481,-0.2320335349407533,0.5474559364628965,-0.7570139196550366,2.9738733593190583,4.989031572149251,2.015158212830193,1.0,medium,False,False,ambiguous_boundary,0.5299536466584521,0.88540749867981,good_medium_boundary,0.5299536466584521,0.88540749867981,0.7655606407322654,good_medium_overlap,0.6736933638443935,True,3546,0,good,0.9995208,0.00045077608,2.8526463e-05,0.99907,0,good,0.9995208,0.00045077608,2.8526463e-05,0.99907,1,medium,5.8006535e-08,1.0,9.264514000000001e-17,-0.99999994,good_lost_by_mediumheavy,0,good,0,good,0.9999063,9.238091e-05,1.2948746e-06,0.99907002392,0.9998139,best_correct_good_boundary,0,good
9027,val,0,good,103003,103,0.1740898780643964,0.1737090071397433,1.0009627871215343,0.1121681783414838,0.1664,0.4867894315452362,0.0,0.156204239546203,0.9103292920975156,0.0027875006198883,0.0587306125089526,2.106919776015272,0.3033367722072203,0.0569658925335871,0.3623132178763105,0.6462125301279443,14.0,33.0,1.9,4.847235437742762,5.760618971064051,0.0261562077988814,3.008866191792844,0.0,0.0,0.2142857142857142,0.6997716922823687,0.6055922307767818,0.0152,0.8762209767814252,0.6055922307767818,0.0,0.8888888888887901,0.6833070205549336,2.2732622329844525,11.434528104825898,0.0256204963971176,0.7527349951168192,0.0301748256872953,0.4144288573083815,2.244451900001942,0.021617293835068,0.2716346153846153,0.3128956840167294,0.7626685550554665,1.2656290399635364,0.7360348693023054,1.699673171197595,0.3704152082810796,14.0,11.0,10.0,0.499788067075894,0.0315267458558082,0.3033367722072203,0.2544284048206675,0.3151295600734504,0.1211624971576828,0.0059207397879456,0.6424358456596853,0.2250741096497357,0.0958996124073062,0.0349620442802776,0.0016283620925683,-5.47625403788781,5.596197930993314,-4.682771501685321,-0.2064531518586741,0.0511878823399901,-1.284239152776984,0.6286854377007469,0.9188276127474596,7.684798762811384,9.828601977081709,2.1438032142703243,0.9666666666666668,medium,False,False,ambiguous_boundary,0.5619902599307633,0.1806020066889632,isolated_good,0.5619902599307633,0.1806020066889632,0.6273493516399696,outlier_low_confidence,0.1568373379099924,True,6941,0,good,0.99953616,0.00043042348,3.3449625e-05,0.99910575,0,good,0.99953616,0.00043042348,3.3449625e-05,0.99910575,1,medium,6.7667956e-05,0.9999323,4.3266917e-14,-0.99986464,good_lost_by_mediumheavy,0,good,0,good,0.99984276,0.0001552745,1.9112736e-06,0.99910573652,0.9996875,best_correct_good_boundary,0,good
7352,train,0,good,100001,100,0.2414219333800472,0.2382316194482054,1.5305683892965314,0.1426377744060417,0.1576,0.2401921537229784,0.0,0.1841406527835151,0.8446477577698219,0.0088185369968414,0.1986184477806079,2.252280878604467,0.187792912622403,0.1081249317544179,0.5048199978258159,0.764778705647702,21.0,49.0,2.8,4.949240671043335,5.823388625022759,0.023620700011616,3.4371608308423136,0.0,0.0,0.7142857142857143,0.7470538567190633,0.6574935959988253,0.0152,0.8649994540353435,0.6574935959988253,0.0,0.923076923076852,0.6244356383511481,2.982587657809644,15.603494487032703,0.0088070456365092,0.9031660426526816,0.0567543097402822,0.5756413331186463,1.8246250668762467,0.0576461168935148,0.3261217948717949,0.3133494462487729,0.728734037890096,1.3430437363021372,0.6594593513290543,2.494438257849294,0.286169028098801,21.0,17.0,15.0,0.4601301651105141,0.0427332673221826,0.187792912622403,0.1641996995609942,0.4261095394363663,0.2063452392769985,0.0154315219118546,0.574483627245219,0.2371304502317725,0.1239914655080393,0.0593315459585524,0.0050628978534619,-3.716375370908171,1.7939105977759395,-1.1560250630855715,-0.7446002276576802,1.2258004171521024,-1.979805825332266,1.0503315760902256,-0.3871305029714297,3.5057802590463507,5.4661729397219725,1.9603926806756216,1.0,medium,False,False,ambiguous_boundary,0.5178665727864813,0.7870093293434255,good_medium_boundary,0.5178665727864813,0.7870093293434255,0.7404418236226017,good_medium_overlap,0.6515888047878895,True,4144,0,good,0.9995491,0.00042247088,2.8319986e-05,0.9991266,0,good,0.9995491,0.00042247088,2.8319986e-05,0.9991266,1,medium,9.8029e-08,0.9999999,1.9784907000000002e-16,-0.99999976,good_lost_by_mediumheavy,0,good,0,good,0.9999902,9.68763e-06,7.572782e-08,0.9991266291199999,0.9999805,best_correct_good_boundary,0,good
737,train,0,good,100001,100,0.2720604539591542,0.2674723431830192,1.730888701081276,0.1372793603965081,0.2672,0.2954363490792634,0.0,0.143533529976895,0.4441811214996335,0.0093634072691202,0.1383652463555328,1.4777216733878784,0.0103073335825043,0.0995524225486905,0.5689514276127446,0.827055635439037,16.0,53.0,3.7,5.673096250102045,5.882040664818234,0.0253489485772365,3.4089065315955245,0.0,0.0,0.3571428571428571,0.761811088415128,0.6867481298893758,0.0152,0.925,0.664245733232962,0.0,0.9166666666665902,0.6697349197200563,3.723829742109012,19.607513375631218,0.0096076861489191,0.9675832737586753,0.071541459018368,0.5707357633436204,1.7643442041986117,0.0632506004803843,0.3389423076923077,0.3606523536256746,0.7071733086836859,1.2855885098200583,0.7377618211439567,0.4714045207910317,0.6796227589829592,16.0,16.0,15.0,0.3275831383443765,0.0573990151286125,0.0103073335825043,0.2876023910422566,0.4892699729992721,0.2025259810663124,0.0102566901307662,0.4542884004826537,0.3130427363351473,0.1755532848736721,0.0535531982104472,0.0035623687017851,-4.391425276989021,-0.8856337001529333,-2.791792210909079,-1.1095311853799277,-0.8502464405225179,-0.6962083291539354,-0.3985537365907973,-1.022389096348648,3.3217703512724825,6.444132970465061,3.1223626191925784,1.0,medium,False,False,ambiguous_boundary,0.795223845567095,0.823739951886405,good_medium_boundary,0.795223845567095,0.823739951886405,0.8725987208824738,good_medium_overlap,0.767886874376577,True,1687,0,good,0.9995542,0.0004144056,3.135859e-05,0.9991398,0,good,0.9995542,0.0004144056,3.135859e-05,0.9991398,1,medium,0.0015064203,0.99849355,3.8924235e-13,-0.9969871,good_lost_by_mediumheavy,0,good,0,good,1.0,5.2310565e-08,1.4294625e-10,0.9991397944,0.99999994,best_correct_good_boundary,0,good
22345,train,0,good,105001,105,0.263456129142494,0.2605463351524577,1.7735660862922666,0.1329832601949339,0.2784,0.1785428342674139,0.0,0.1675250710440339,0.5261080278229624,0.0141344889998435,0.2146544039249403,1.5186559065681464,0.0096666697354171,0.1661714163794891,0.5014751923817246,0.8446452827962625,22.0,66.0,4.4,5.6110330951324805,6.546590759454355,0.021331533697152,3.6337135674285577,0.0,0.0,0.7857142857142857,0.715737624812548,0.5210729446003303,0.0152,1.0,0.5210729446003303,0.0,0.8461538461537811,0.5497561407160269,3.8268743517945993,21.91657139289306,0.0032025620496397,0.974174020481412,0.0678843975504502,0.656491119836121,1.6332873704491582,0.0840672538030424,0.3782051282051282,0.3529855930039085,0.659552538609243,1.4113835976661508,0.6395200467343906,2.160246899469287,0.3164309725825327,22.0,17.0,21.0,0.4002817050736674,0.0625494763255118,0.0096666697354171,0.2694310867446303,0.408429809798905,0.2797221137412469,0.0327217982154131,0.3746581887398448,0.3110994022806194,0.2264779704788778,0.0764736082704347,0.0112908157773609,-2.472893779185048,-1.4331234481287498,0.0757660156245579,-0.4154012357072806,0.1833859241592701,-0.4363947485637738,0.0359348691196877,0.8562244360999061,2.1614183568409207,3.703013434691452,1.5415950778505314,0.9666666666666668,medium,False,False,ambiguous_boundary,0.4332570556826849,0.98093058733791,good_medium_boundary,0.4332570556826849,0.98093058733791,0.7294851258581235,good_medium_overlap,0.6419469107551488,True,4423,0,good,0.9995604,0.00040986307,2.9651334e-05,0.9991506,0,good,0.9995604,0.00040986307,2.9651334e-05,0.9991506,1,medium,5.484952e-06,0.9999945,8.029548e-15,-0.99998903,good_lost_by_mediumheavy,0,good,0,good,1.0,5.745411e-08,1.8704757e-10,0.99915053693,0.99999994,best_correct_good_boundary,0,good
243,train,1,medium,100001,100,0.3190251024481256,0.3144903029238425,2.047334758341312,0.1603360277125146,0.208,0.0464371497197758,0.0,0.132363692509615,0.4579644087551641,0.0586399063467979,0.3057626247405996,0.5214240466038726,0.0098377042351634,0.1260977325867425,0.6421894276146674,0.8396998765933674,28.0,91.0,6.3,2.766920792157341,5.7713299995229175,0.0236060862313549,1.7535956650774187,0.0,1.0,1.0,0.8406121028362565,0.2434092164069376,0.0152,1.0,0.1802003527140684,0.0,0.9285714285713622,0.6499707356291251,3.7378316735852737,19.40726121256168,0.0,0.9775628063899566,0.0989041543433242,0.650034937824637,1.762496119135557,0.2049639711769415,0.6770833333333334,0.5633442612561962,0.6872311248882638,1.5796754948834333,0.4908004820389028,2.494438257849294,0.286169028098801,28.0,22.0,26.0,0.3449612776876028,0.1779744241066509,0.0098377042351634,0.1824351563933018,0.5492442819043037,0.2397329459873062,0.018671160468044,0.3229845531699727,0.4259941553992257,0.1632359150090404,0.07939025952969,0.0083951077905225,0.0501194680919917,-1.746444455227916,4.3710198707289845,-0.4139641707623456,0.1720581856052877,0.139548419820879,-1.613838535785287,-2.0761307861503577,4.609056338883107,6.869413082589883,2.260356743706776,0.8666666666666667,good,False,False,ambiguous_boundary,0.6034060971019948,0.4328189687617614,good_medium_boundary,0.6034060971019948,0.4328189687617614,0.6614298707815832,good_medium_overlap,0.5820582862877932,True,3533,1,medium,0.507167,0.48570907,0.007123926,0.02145791,0,good,0.507167,0.48570907,0.007123926,0.02145791,1,medium,0.9989661,0.0010339377,1.91987e-11,0.99793214,medium_lost_by_raw,1,medium,1,medium,0.99931765,0.00066714984,1.5248173e-05,0.021457930000000014,0.9986505,best_correct_medium_boundary,1,medium
29243,test,1,medium,111001,111,0.1538975554356239,0.1485075596772099,0.6482662209868428,0.0964552518404641,0.1376,0.2506004803843074,0.0,0.6550997778343054,1.8820508091257344,0.0060299560427665,0.0435389637947081,0.7220432666770432,0.4459945706956562,0.0686748066151444,0.246391542632465,0.6752570065668967,25.0,70.0,4.5,0.7345297462152848,4.50737206235789,0.0258375981731298,0.3669821193431292,0.0,1.0,1.0,0.6848004702351278,0.0329058031417121,0.0152,1.0,0.0245802059932438,0.0,0.79999999999992,0.6009834521281642,1.99022290505152,7.549522584202401,0.0096076861489191,0.7818175347986619,0.0220545023111289,0.3660366742927352,3.19181592074623,0.0280224179343474,0.5056089743589743,0.3608019424918421,0.7478849384102723,1.4856751121118437,0.5418319068063331,5.715476066494082,0.1489097705208657,25.0,23.0,12.0,0.7029064078097453,0.023578811250627,0.4459945706956562,0.2197656270616223,0.2093766886693253,0.108981799864568,0.0158770023427264,0.9018112945502664,0.0458247745616905,0.041026305702225,0.0098383541325181,0.001499247419356,-1.5761965340723585,10.282588538418723,2.612166010571789,0.0782334949778389,-0.1498591894496758,0.148506343072117,-0.2423279265315881,2.585266975096161,10.145890507211073,11.56656373751838,1.42067323030731,0.9333333333333332,good,False,False,ambiguous_boundary,0.3547233722243131,0.1695521264584117,isolated_medium,0.3547233722243131,0.1695521264584117,0.52020260945929,outlier_low_confidence,0.1300506523648225,True,5298,1,medium,0.5185468,0.4691894,0.012263771,0.049357414,0,good,0.5185468,0.4691894,0.012263771,0.049357414,1,medium,1.5956664e-05,0.999984,1.3610259e-14,-0.99996805,medium_lost_by_raw,1,medium,1,medium,0.99930334,0.0006842199,1.23485e-05,0.049357399999999996,0.99861914,best_correct_medium_boundary,1,medium
29300,test,1,medium,111001,111,0.1687867001616879,0.1657315477857937,0.8473350736498833,0.1222617563856794,0.1392,0.2129703763010408,0.0,0.4241305168093878,1.9323466805763887,0.0095564173534512,0.073109858110547,0.7650333687112039,0.5167562725590275,0.0667884967499697,0.2240736958346139,0.6665175291318077,24.0,70.0,4.6,0.8736863394958677,4.53829744831042,0.0312546560241389,0.3360511516666894,0.0,1.0,0.9285714285714286,0.7499427969058484,0.0349589512662596,0.0152,1.0,0.0265812522684675,0.0,0.69999999999993,0.6099282094610083,1.0549682538823346,5.407452738497847,0.0096076861489191,0.5624921244492225,0.0274669526168439,0.3582176731367382,3.409273989734336,0.0368294635708566,0.5224358974358975,0.4274334539100932,0.825781735175213,1.5455814434314754,0.4354040686047307,4.08248290463863,0.1967542279556572,24.0,19.0,14.0,0.5861291373456093,0.0521766554564237,0.5167562725590275,0.1761774273497924,0.1912367669661348,0.0994559383165187,0.0163713000097778,0.8907167434660895,0.05407412161407,0.0380352818968981,0.0152786702286273,0.0018951598827466,-1.4536645118199567,10.560924182055802,2.1706912703249106,-0.8589069389325724,0.5010200129296517,0.521110961152896,-1.2391244110606376,1.6728847964893017,10.236252983108235,11.71287446422521,1.476621481116975,0.9666666666666668,good,False,False,ambiguous_boundary,0.3673315769665036,0.1677643959352653,isolated_medium,0.3673315769665036,0.1677643959352653,0.5371854221553131,outlier_low_confidence,0.1342963555388282,True,5214,1,medium,0.5733778,0.42003316,0.006588979,0.15334463,0,good,0.5733778,0.42003316,0.006588979,0.15334463,1,medium,6.617142e-06,0.9999933,5.5540535e-15,-0.9999867,medium_lost_by_raw,1,medium,1,medium,0.21728995,0.7826209,8.92026e-05,0.15334464000000003,-0.565331,best_correct_medium_boundary,1,medium
29535,test,1,medium,111001,111,0.1642279243765251,0.1635958872213407,0.7166267046332356,0.1244587014549237,0.1624,0.2594075260208166,0.0,0.5171911423922565,2.113126555788633,0.0073371678590774,0.1496866241097449,2.0401117021383737,0.6076911196631879,0.062397224719962,0.1362898463595988,0.5943926154136425,23.0,75.0,5.2,1.087339629557615,4.256695199110216,0.0408987804144385,0.583985966434147,0.0,1.0,0.8571428571428571,0.7139029595877483,0.0239021533956629,0.0152,1.0,0.0239021533956629,0.0,0.69999999999993,0.5732096325763161,0.6757965856372424,4.248306276133209,0.0128102481985588,0.4746235549457731,0.02676362104382,0.3828669191636716,3.815818991294266,0.032826261008807,0.5136217948717948,0.5508980436722858,0.8499938562087302,1.7413339377962516,0.381235493259656,4.109609335312651,0.1957096784462507,23.0,17.0,13.0,0.701216157876896,0.1128068417310714,0.6076911196631879,0.1845109090324576,0.1169217274220176,0.0638052045589264,0.0269960772359005,0.9102333842640854,0.0475173669076283,0.0247754252035415,0.0133274475380148,0.0041463492446008,-1.4104188350485043,11.968284143087686,1.7201198999233551,-1.1950529827857546,1.5666692773130129,1.1702471601529971,-1.2451655947146807,2.107221130466552,11.828422029381215,13.175733783526088,1.3473117541448725,0.9333333333333332,good,False,False,ambiguous_boundary,0.336375611592021,0.1356793375987956,isolated_medium,0.336375611592021,0.1356793375987956,0.5051715594028352,outlier_low_confidence,0.1262928898507088,True,5374,1,medium,0.59200186,0.39091596,0.017082214,0.2010859,0,good,0.59200186,0.39091596,0.017082214,0.2010859,1,medium,2.6546293e-06,0.9999974,3.2925899e-15,-0.9999947,medium_lost_by_raw,1,medium,1,medium,0.019565063,0.9804347,2.2367233e-07,0.20108589999999998,-0.96086967,best_correct_medium_boundary,1,medium
25463,test,1,medium,111001,111,0.1644345567926439,0.1633015015135736,0.9008380025625228,0.1161837205233925,0.0984,0.1144915932746196,0.0,0.3656682549555053,1.2910551647038475,0.0111354775726795,0.0398380160331725,0.3577572672337539,0.5509217025122254,0.0413484676745084,0.2199296281887992,0.5839742545165343,26.0,82.0,5.6,0.921470744905281,5.325656638961546,0.0226344788734264,0.1507783022035909,0.0,1.0,1.0,0.7465240682959083,0.030705866411193,0.0152,1.0,0.0135484113635459,0.0,0.8749999999998906,0.6798817092038442,1.2981161228948013,8.091995695767306,0.0024019215372297,0.5371443768214845,0.0266673871305577,0.3542960727365384,2.985670709402975,0.0344275420336269,0.6298076923076923,0.3920169521827002,0.7966914386118539,1.41977206080127,0.4072348106392476,4.496912521077348,0.1819203045647174,26.0,17.0,16.0,0.5340483244301683,0.0299782195128499,0.5509217025122254,0.1733734128381396,0.1925404664803638,0.0753961425919173,0.0077661848526863,0.8469532146904409,0.0928737183018076,0.0402391069508207,0.0185392699832421,0.0013946647725874,-1.1291042674642524,9.936630786032618,3.098366388318893,-0.6773690484073767,-0.1159160539525773,0.4904754534405879,-2.315014985640542,1.8271144803704784,9.882818257764068,11.624994603740914,1.742176345976846,0.9333333333333332,good,False,False,ambiguous_boundary,0.4405344373353406,0.1750094091080165,isolated_medium,0.4405344373353406,0.1750094091080165,0.5599090452891732,outlier_low_confidence,0.1399772613222933,True,5105,1,medium,0.38946304,0.60482836,0.0057085534,-0.21536532,1,medium,0.38946304,0.60482836,0.0057085534,-0.21536532,1,medium,4.5227953e-08,1.0,8.156187000000001e-17,-0.99999994,other,1,medium,1,medium,0.9990792,0.0008998266,2.1007605e-05,0.21536531999999997,0.9981794,best_correct_medium_boundary,1,medium
16228,train,1,medium,105001,105,0.2643629449909718,0.2559458256954514,1.6336658625304696,0.1306611035185837,0.3008,0.1449159327461969,0.0,0.1428129694941861,0.4266147536482463,0.0216551832854747,0.3365680932998647,1.554214219485253,0.0155818061868893,0.1500956120843727,0.5371920333751103,0.8469227247763995,23.0,75.0,5.2,5.484272632912213,6.195365949848868,0.0217549252033744,3.676894321649546,0.0,1.0,0.8571428571428571,0.7463823751125631,0.4751786398802551,0.0152,1.0,0.4751786398802551,0.0,0.9285714285713622,0.5736362142569335,3.609182475305852,19.07355321098764,0.0008006405124099,0.97078539371463,0.0655082705720099,0.6665441697762269,1.6345479971476882,0.1361088871096877,0.421474358974359,0.4225065527974611,0.6577202069616088,1.4317770975806985,0.5902954110700351,1.8856180831641267,0.3465462064555278,23.0,19.0,23.0,0.4693160203534677,0.0994424656033515,0.0155818061868893,0.2518315355968366,0.4499278793867589,0.2536586727232703,0.0289445453123629,0.3619126758161624,0.3412901941532728,0.1819677127493197,0.1058061541944368,0.0090232485325705,-1.314934518864009,-1.6641761775242867,1.265215756649969,-0.8778611353167853,-0.0198836263438321,-0.0517905970742778,0.1073820702572864,0.8671551954113846,2.7399400676604384,3.621705685110821,0.881765617450383,0.8333333333333334,good,False,False,ambiguous_boundary,0.2393677079412871,0.8516183665788484,good_medium_boundary,0.2393677079412871,0.8516183665788484,0.5697058085560156,good_medium_overlap,0.5013411115292937,True,4813,1,medium,0.99895215,0.0009563226,9.1506095e-05,0.99799585,0,good,0.99895215,0.0009563226,9.1506095e-05,0.99799585,1,medium,0.9177489,0.082251035,1.9382518e-11,0.8354979,medium_lost_by_raw,1,medium,0,good,1.0,2.9354537e-08,8.1950405e-11,0.9979958274,1.0,v2_damaged_medium,1,medium
21370,train,1,medium,105001,105,0.2682670021835686,0.2598564620114152,1.691187507212162,0.1319594180517015,0.2864,0.1200960768614892,0.0,0.1507488212930232,0.2352240119879387,0.0197078138589859,0.2206384211778639,1.119547357215,0.0116587050110581,0.1460253526180792,0.5018380509496067,0.8173658134755516,27.0,74.0,4.7,0.5650693710454789,6.118535587068432,0.0209799529789179,0.6586309949073443,0.0,1.0,1.0,0.829687300876055,0.0497497038275058,0.0152,1.0,0.0497497038275058,0.0,0.923076923076852,0.5827909984675075,3.814215702921783,20.859627517885887,0.0008006405124099,0.9704016186457683,0.0675253856519609,0.6456591790021704,1.6889992949266273,0.1337069655724579,0.3958333333333333,0.4107169226556131,0.6738710281996361,1.4039194253983496,0.5057543592999828,2.6246692913372702,0.275887238151612,27.0,21.0,26.0,0.5346728699673712,0.0846068229526281,0.0116587050110581,0.3009790846028522,0.4240006522463206,0.2345596758641086,0.028645932461696,0.4303964410951287,0.306223457373364,0.178019480531574,0.076791297886433,0.0085693097379408,-0.5021297242041692,0.2334485134573087,3.531486788328873,1.0773359612429827,-1.7859844993291694,0.7289149063482445,-0.1522897768170184,-0.6298226190446722,3.3511163440231084,5.651309139316012,2.300192795292904,0.7666666666666667,good,False,False,ambiguous_boundary,0.6170493037260067,0.7317463304478735,good_medium_boundary,0.6170493037260067,0.7317463304478735,0.692354786099611,good_medium_overlap,0.6092722117676577,True,3047,1,medium,0.35521042,0.63949895,0.0052906442,-0.28428853,1,medium,0.35521042,0.63949895,0.0052906442,-0.28428853,1,medium,0.3215248,0.6784752,1.8345093e-11,-0.3569504,other,1,medium,0,good,1.0,5.921936e-08,1.7587118e-10,0.28428853,0.99999994,v2_damaged_medium,1,medium
14590,train,1,medium,105001,105,0.2536281889705254,0.2490419716231655,1.7433908134698868,0.1295561357658356,0.2624,0.1513210568454764,0.0,0.1383304222510164,0.3691446169883541,0.0157765969634056,0.2202077116817233,1.3957862561481231,0.0196416846908443,0.1512811325519986,0.5521107764805786,0.8260816752843623,25.0,72.0,4.7,5.037565094123166,5.922434639112701,0.0221584584834098,3.718231379590536,0.0,1.0,1.0,0.8633451166414375,0.4879463115241754,0.0152,1.0,0.4879463115241754,0.0,0.8461538461537811,0.5705748663176359,3.5305612686476087,19.151695664805946,0.0032025620496397,0.9625999755764942,0.0620219086491142,0.6493301284920352,1.621972608794096,0.0712570056044835,0.3701923076923077,0.3665028114046665,0.6774887337565139,1.3773747065721136,0.5447250140625385,2.867441755680876,0.2585688584788905,25.0,18.0,21.0,0.5050657309092172,0.0660592578351497,0.0196416846908443,0.2276846824917377,0.4662116332036092,0.2628162610213811,0.0236318662328899,0.3937048820989128,0.2841198903712332,0.2195770670272221,0.0921257146674161,0.0104724299480987,-1.3338003212364804,-1.0931813186178978,1.490546904102135,-0.6961914007554142,0.0333847602111117,-0.2682186942560081,0.7884511292654535,0.9001772324366976,2.4363021778396825,3.5937738097500453,1.1574716319103628,0.7666666666666667,good,False,False,ambiguous_boundary,0.2941287165976665,0.8983816334211516,good_medium_boundary,0.2941287165976665,0.8983816334211516,0.5803675824865135,good_medium_overlap,0.5107234725881319,True,4703,1,medium,0.29158503,0.6974463,0.010968656,-0.40586126,1,medium,0.29158503,0.6974463,0.010968656,-0.40586126,1,medium,0.00017955333,0.99982053,1.02632516e-13,-0.999641,other,1,medium,0,good,1.0,4.913617e-08,1.2975597e-10,0.40586126999999994,0.99999994,v2_damaged_medium,1,medium
21269,train,1,medium,105001,105,0.2433070674129376,0.2363968431155543,1.5214904083311556,0.1301245072425692,0.2312,0.1040832666132906,0.0,0.140781034362376,0.3704877306095292,0.0194421473424881,0.2256652638316153,1.1607007383818195,0.0247649486901609,0.1348356398967105,0.4589264033771599,0.8152829318305227,26.0,79.0,5.3,0.9854555412258642,6.057725448391427,0.0213816872643074,0.837604394603498,0.0,1.0,1.0,0.7851130530925673,0.0717859630512505,0.0152,1.0,0.0709827776625197,0.0,0.9166666666665902,0.5553680107026358,3.446765997447641,18.500026311390634,0.0040032025620496,0.9414706416126556,0.0558834727070632,0.6151858185925035,1.73199928514647,0.1240992794235388,0.4703525641025641,0.4487077428709125,0.7066468793495693,1.4529436250067902,0.542047820275958,2.449489742783178,0.2898979485566356,26.0,20.0,23.0,0.5071155945778228,0.0758645149879157,0.0247649486901609,0.3316373452021715,0.3692431950646666,0.2513475520562383,0.0230061153202756,0.45921253048415,0.2732094642414145,0.1938964330849981,0.0670578830460087,0.0066236731681546,-0.336653179688838,0.998576518088328,3.0275115333980622,0.7224148751078209,-1.7967917271113494,0.3531235968029489,-0.3139624849077022,-0.435102316614856,2.800401573541609,5.458457616212241,2.658056042670633,0.8666666666666667,good,False,False,ambiguous_boundary,0.7317463304478735,0.8402333458788107,good_medium_boundary,0.7317463304478735,0.8402333458788107,0.8006658512106386,good_medium_overlap,0.704585949065362,True,1436,1,medium,0.2727083,0.7214439,0.0058478597,-0.4487356,1,medium,0.2727083,0.7214439,0.0058478597,-0.4487356,1,medium,0.056295242,0.9437048,8.419654e-12,-0.88740957,other,1,medium,0,good,1.0,4.9303367e-08,1.3643306e-10,0.4487356,0.99999994,v2_damaged_medium,1,medium
21554,train,1,medium,105001,105,0.2538747438239976,0.2460594682601391,1.5100469407439232,0.129788299645175,0.2848,0.0840672538030424,0.0,0.1317511857452808,0.354116884669729,0.0216765217483043,0.210536286979912,0.9712637124081492,0.0214728131074001,0.1368283568903478,0.4687928151558145,0.8205189821074044,22.0,79.0,5.7,5.263306316507268,6.569232266203672,0.0220679626473962,3.470501283700995,0.0,0.0,0.7857142857142857,0.7823358684249229,0.368268684349675,0.0152,1.0,0.341963017804795,0.0,0.9090909090908263,0.5780768399541607,3.697193022673634,20.33334328175364,0.0,0.9380085269627688,0.0605452669992731,0.6206160210684676,1.743170922677763,0.1024819855884707,0.4879807692307692,0.418839771115946,0.6869977621053756,1.4519359982431757,0.5364519348105211,3.0912061651652345,0.2444266946297027,22.0,16.0,23.0,0.4937066395290151,0.0756765276193618,0.0214728131074001,0.3315462553499311,0.3825355785491512,0.2413555078948533,0.02305636974111,0.4933495706714492,0.2384135642580901,0.2010411133187912,0.0589495521023292,0.0082461853316141,-1.6345022065931882,-0.5421842142915448,0.96487458923804,-0.6432003512246094,-0.6540204255113995,-0.4532992849211922,-1.0191339405049658,0.6940861079000894,2.469490156000952,3.146108435547104,0.676618279546152,0.7333333333333333,good,False,False,ambiguous_boundary,0.205494919081671,0.8935829883327061,good_medium_boundary,0.205494919081671,0.8935829883327061,0.5278559779199599,good_medium_overlap,0.4645132605695646,True,7088,1,medium,0.80815995,0.18893634,0.002903718,0.6192236,0,good,0.80815995,0.18893634,0.002903718,0.6192236,1,medium,0.73368436,0.26631564,2.2921443e-11,0.46736872,medium_lost_by_raw,1,medium,0,good,1.0,5.5688556e-08,1.6591105e-10,0.6192236099999999,0.99999994,v2_damaged_medium,1,medium
6270,train,1,medium,100001,100,0.2723604572416357,0.2655377053899405,1.607202451825142,0.1314197987646388,0.2408,0.1192954363490792,0.0,0.135189397382616,0.2870573442894653,0.0200627520680427,0.4076944947242729,2.0320955476697526,0.0279177143068105,0.145037352530358,0.6530278886981854,0.7846913478938957,30.0,82.0,5.2,4.729948620001654,5.774735380931521,0.0224432232983876,3.1392940681098533,0.0,1.0,1.0,0.7885352644016884,0.4981916711242864,0.0152,1.0,0.4981916711242864,0.0,0.8823529411764188,0.6105672462181504,3.709670348463968,18.55735659205456,0.0064051240992794,0.9730418770905298,0.0705102776730008,0.6689766820703119,1.5999849195234372,0.1273018414731785,0.4703525641025641,0.4819098535168786,0.6584574893919468,1.445157466711584,0.5529773431844898,3.559026084010437,0.2193450929151803,30.0,23.0,22.0,0.3678075900569686,0.1230849241837859,0.0279177143068105,0.1222800489232693,0.5418227951192772,0.2858879925265382,0.0220243081312337,0.3391229185606367,0.315581268736086,0.2468758988964235,0.0907054863918617,0.0077144144231655,-0.3498254917131071,-1.61569592506717,2.835516826519938,-0.042611047742893,1.058585851363572,-0.1699659387888706,1.242214525678245,0.4631449181879827,3.4269454385988314,5.176092397958928,1.7491469593600963,0.8333333333333334,good,False,False,ambiguous_boundary,0.4425103500188182,0.7164094843808807,good_medium_boundary,0.4425103500188182,0.7164094843808807,0.6340782210513111,good_medium_overlap,0.5579888345251537,True,3954,0,good,0.99947506,0.00049855124,2.643447e-05,0.9989765,0,good,0.99947506,0.00049855124,2.643447e-05,0.9989765,1,medium,4.7883e-05,0.9999521,1.3681712e-14,-0.9999042,medium_rescued_by_mediumheavy,0,good,0,good,0.9999994,6.012021e-07,3.1193403e-09,0.99897650876,0.9999988,mediumheavy_rescued_medium,1,medium
17239,train,1,medium,105001,105,0.2740163147292384,0.2628626913209498,1.7069593276083466,0.1349680258101769,0.336,0.0840672538030424,0.0,0.1333467865283639,0.2651446645785139,0.0245356336236,0.3367123514413824,1.372339591358876,0.0091529441801784,0.1765121555851646,0.5189892739244724,0.8376346332618414,29.0,78.0,4.9,5.017828567689126,5.69020811531604,0.021604612436341,3.23935185795884,0.0,1.0,1.0,0.8980312323777893,0.4413896957665177,0.0152,1.0,0.4413896957665177,0.0,0.8666666666666089,0.5504441179535179,3.4450253243252016,17.534463045571357,0.0024019215372297,0.9867993317691316,0.0690967992312392,0.6974683502888606,1.5811200312753722,0.1425140112089671,0.421474358974359,0.4540551486426644,0.6392545016835562,1.428542320328592,0.5975270752623149,2.6246692913372702,0.275887238151612,29.0,23.0,28.0,0.5649398393785608,0.1481134172528976,0.0091529441801784,0.2464550513068788,0.4238618521589515,0.2859947587586451,0.034500364473737,0.3305145443551638,0.3394626047758361,0.2313315920541823,0.0879631819926618,0.0107280635467761,-0.093003626645877,-1.9505567747937,2.638312917536057,-0.7382467879252126,-0.0427979726004042,0.4421376787752948,0.9480759165359656,0.6762421202384884,3.0382832715623835,5.342823298559746,2.3045400269973624,0.9666666666666668,good,False,False,ambiguous_boundary,0.618648852088822,0.7933759879563418,good_medium_boundary,0.618648852088822,0.7933759879563418,0.7754005143645717,good_medium_overlap,0.6823524526408231,True,1733,0,good,0.99948335,0.00049005565,2.6619191e-05,0.9989933,0,good,0.99948335,0.00049005565,2.6619191e-05,0.9989933,1,medium,0.014277122,0.98572284,3.762199e-12,-0.97144574,medium_rescued_by_mediumheavy,0,good,0,good,0.9999999,1.4655939e-07,4.9037613e-10,0.99899329435,0.99999976,mediumheavy_rescued_medium,1,medium
22983,test,1,medium,111001,111,0.2592147984582169,0.2546006817023528,1.7560332989692686,0.1351360141857614,0.1816,0.0688550840672538,0.0,0.1278767596573707,0.7119475884846547,0.0351113793440163,0.2072286345064639,0.5902034592709157,0.0516322137075914,0.179230801388274,0.5237342607451206,0.8436056206025321,25.0,89.0,6.4,0.8399715939737984,7.11757929350245,0.0184576050886189,0.9002932955362267,0.0,1.0,1.0,0.8049991308194181,0.0594489056509145,0.0152,1.0,0.0594489056509145,0.0,0.9166666666665902,0.5525207151341711,4.233818745428174,26.63719203220019,0.0032025620496397,0.9622293161694132,0.0648215120312892,0.6856996942612135,1.7385908085884827,0.1457165732586068,0.5464743589743589,0.4765133913045218,0.6718066848639445,1.611410249828361,0.5043294567594102,2.494438257849294,0.286169028098801,25.0,19.0,21.0,0.3990594679604185,0.1301894126459955,0.0516322137075914,0.207786668440602,0.4355142701929948,0.2568696089297182,0.0481804466408189,0.4780508330623437,0.2548486081202226,0.1781155959487221,0.0811400522420065,0.0078448972322958,0.0599893625784361,0.2209819729864457,3.3424444379082514,0.416132426325165,-1.4082431115013818,0.740598367975251,-0.6646484941983319,-0.677305029612141,2.8261065090580866,5.7550265201708015,2.928920011112715,0.9666666666666668,good,False,True,clean_core_train_target,0.8035378246142266,0.8356228829506963,clean_or_target,0.8035378246142266,0.8356228829506963,0.9670499309998748,clean_core,0.9670499309998748,True,6170,0,good,0.9994816,0.00048024594,3.8126524e-05,0.9990014,0,good,0.9994816,0.00048024594,3.8126524e-05,0.9990014,1,medium,0.11207288,0.8879271,1.1646188e-11,-0.77585423,medium_rescued_by_mediumheavy,0,good,0,good,0.9999999,6.9739926e-08,2.9096084e-10,0.99900135406,0.9999998,mediumheavy_rescued_medium,1,medium
6973,train,1,medium,100001,100,0.2638548226715036,0.2586600295202228,1.5526893277466296,0.143770394722023,0.1696,0.0504403522818254,0.0,0.1334134052893899,0.5526526853646226,0.0390760898590087,0.2230732701718801,0.5708688200121174,0.0098635678353812,0.1289761942594921,0.5526460921623947,0.836000031594721,29.0,88.0,5.9,0.5213422375443525,6.303062031009373,0.01352357144602,0.792624372883835,0.0,1.0,1.0,0.7888421305773711,0.0417561956895775,0.0152,1.0,0.0325775579795316,0.0,0.9090909090908263,0.6196238156695429,3.6311228823734414,19.74776877653156,0.0016012810248198,0.9584398312119912,0.066905015698202,0.6316104218087765,1.873736938189336,0.1265012009607686,0.59375,0.5561624379310744,0.6989371956342326,1.5708761523015962,0.4530580514827166,2.867441755680876,0.2585688584788905,29.0,25.0,22.0,0.3920590928035136,0.1460526216775176,0.0098635678353812,0.2685920440740327,0.462403403841844,0.2310027759886141,0.0280658061814412,0.4771748438208238,0.2404662124769141,0.2219351775157949,0.0499419183409436,0.0104818345477692,0.5606792007591059,0.5127170884788189,4.266982592486169,0.5392024549416785,-1.1873787983360289,-0.0574392619091336,-0.9430290980065842,-1.4319256355528087,3.787127802911237,6.791674240288294,3.0045464373770563,0.8,good,False,False,ambiguous_boundary,0.8244260444109899,0.6323861497929997,good_medium_boundary,0.8244260444109899,0.6323861497929997,0.7774689499435454,good_medium_overlap,0.6841726759503199,True,1704,0,good,0.9995384,0.0004335145,2.817032e-05,0.9991049,0,good,0.9995384,0.0004335145,2.817032e-05,0.9991049,1,medium,3.1048655e-06,0.9999969,2.622078e-15,-0.9999938,medium_rescued_by_mediumheavy,0,good,0,good,1.0,5.232294e-08,1.5556822e-10,0.9991048855000001,0.99999994,mediumheavy_rescued_medium,1,medium
4545,train,1,medium,100001,100,0.2990665381410649,0.2953088069687436,1.841669706404209,0.1578840179500635,0.2056,0.044035228182546,0.0,0.1834996361522739,0.8691125990872995,0.0466860989108681,0.2894150365144011,0.6199168088026876,0.0138256446035463,0.1180504808252761,0.635667309080498,0.8431428639521664,28.0,94.0,6.6,2.555026175254838,5.756983990446738,0.0226502519986373,1.8752121349034911,0.0,1.0,1.0,0.8040457215158145,0.2137035017703263,0.0152,1.0,0.1689474227321204,0.0,0.923076923076852,0.6408921971064296,3.5862757268047365,19.024852094466493,0.0,0.965031490278331,0.0872072955671266,0.6462630958829848,1.803568093068998,0.188951160928743,0.6762820512820513,0.5393570057895254,0.6980618641062675,1.5628439474340932,0.5554036238920786,2.867441755680876,0.2585688584788905,28.0,25.0,21.0,0.3319351003703692,0.1428317718673497,0.0138256446035463,0.1880872008141954,0.5371868523640915,0.2444182552524861,0.0164517923600309,0.3571454743780385,0.3655808544978131,0.2092196243131141,0.0594899210675035,0.0085641153270497,0.0048888846878333,-0.826311661871834,4.4013648641783245,-0.5500870004261115,0.1512593582799526,-0.2478607113497773,-1.3224529163056131,-1.88943867821947,4.0074244572042845,6.634042712770188,2.6266182555659032,0.7666666666666667,good,False,False,ambiguous_boundary,0.7237485886337975,0.5798833270605946,good_medium_boundary,0.7237485886337975,0.5798833270605946,0.7099968636306612,good_medium_overlap,0.6247972399949818,True,2759,0,good,0.99954295,0.00042456976,3.2530595e-05,0.9991184,0,good,0.99954295,0.00042456976,3.2530595e-05,0.9991184,1,medium,4.774952e-07,0.9999995,7.2219305e-16,-0.99999905,medium_rescued_by_mediumheavy,0,good,0,good,0.9999995,4.2611904e-07,2.2967694e-09,0.99911838024,0.9999991,mediumheavy_rescued_medium,1,medium
