idx,split,y,class_name,record_id,original_region,qrs_visibility,pc1,pc2,pc3,pred,pred_class,correct,p_good,p_medium,p_bad,feature_bad_veto,pc1_atlas,pc2_atlas,pc3_atlas,qrs_prom_p90,qrs_visibility_atlas,qrs_band_ratio,baseline_step,flatline_ratio,non_qrs_rms_ratio,non_qrs_diff_p95,diff_abs_p95,amplitude_entropy,template_corr,detector_agreement,sqi_sSQI,sqi_kSQI,band_15_30,band_30_45,subject_id,ambiguous_type,boundary_confidence,region_confidence,error_type,is_correct,pred_path,focus_group,_distance_to_group_median
32584,test,0,good,125001,outlier_low_confidence,0.0952929430774819,-2.3640936431753583,9.056203208457312,0.3673660407544993,1,medium,False,3.8373073e-05,0.999961,5.8401946e-07,False,-2.3640936431753583,9.056203208457312,0.3673660407544993,3.3099087927625868,0.0952929430774819,0.3101640653387053,1.393889350975284,0.1977582065652522,0.737253783078387,0.0297398008406162,0.0653111785650252,0.8552518302011942,0.7419659309656936,0.275887238151612,0.9558779954659204,3.600841423499252,0.1239337779081013,0.0066467843861531,125,isolated_good,0.2116062312973067,0.0529015578243266,good->medium,False,E:\GPTProject2\ecg\reports\external_benchmarks\e311_but_node_ladder_tuning_10s_2026_06_08\analysis\original_bucketed_checkpoint\nl_n7200_gm_trim_bad_goodlike_aux_tai_acecb57de1__feature_pc1_qrsprom_visiblegood_w_d679dd16_original_test_predictions.csv,125001 good->medium,0.10761253865623527
32544,test,0,good,125001,outlier_low_confidence,0.1038152968024986,-2.171765797414361,9.282640775349083,0.9270450582287312,1,medium,False,5.978498e-05,0.9999391,1.1768593e-06,False,-2.171765797414361,9.282640775349083,0.9270450582287312,2.824195865009889,0.1038152968024986,0.359402938130343,1.284428565592177,0.188150520416333,0.785102785417786,0.0240934020839631,0.0719504013657567,0.8747193577236607,0.6232659599224442,0.1988988169400271,0.7948018494577354,2.988956012834659,0.1416561589217481,0.00995443348778,125,isolated_good,0.2168157014610103,0.0542039253652525,good->medium,False,E:\GPTProject2\ecg\reports\external_benchmarks\e311_but_node_ladder_tuning_10s_2026_06_08\analysis\original_bucketed_checkpoint\nl_n7200_gm_trim_bad_goodlike_aux_tai_acecb57de1__feature_pc1_qrsprom_visiblegood_w_d679dd16_original_test_predictions.csv,125001 good->medium,0.1913542413815337
32520,test,0,good,125001,outlier_low_confidence,0.1302942640020139,-2.3472857649256693,7.325581614976859,1.1514202992437212,1,medium,False,6.1601645e-07,0.9999994,6.536027e-09,False,-2.3472857649256693,7.325581614976859,1.1514202992437212,3.311073518529133,0.1302942640020139,0.4213717246866733,1.1636422667649575,0.1377101681345076,0.7901642312350954,0.0303606539964675,0.0646014839410781,0.8649574075194041,0.6477963511383511,0.1616697320099233,0.4092747653210119,2.9196659817436488,0.1585124386186347,0.0104977854983982,125,isolated_good,0.2652033092765358,0.0663008273191339,good->medium,False,E:\GPTProject2\ecg\reports\external_benchmarks\e311_but_node_ladder_tuning_10s_2026_06_08\analysis\original_bucketed_checkpoint\nl_n7200_gm_trim_bad_goodlike_aux_tai_acecb57de1__feature_pc1_qrsprom_visiblegood_w_d679dd16_original_test_predictions.csv,125001 good->medium,0.23809730748750496
32568,test,0,good,125001,outlier_low_confidence,0.1353200136741302,-2.622140115237228,8.405699752715485,-0.572997271707435,1,medium,False,0.06619356,0.9314793,0.0023272038,False,-2.622140115237228,8.405699752715485,-0.572997271707435,3.1661765336249283,0.1353200136741302,0.3581177847315615,1.1579902816995404,0.2097678142514011,0.7504052384720012,0.0259776264429092,0.0796540286391972,0.8558110087636822,0.8578546528213861,0.2325672450543257,0.6747062322377538,3.5257193893242045,0.1521646864425871,0.0083012512671988,125,isolated_good,0.4245124097870093,0.1061281024467523,good->medium,False,E:\GPTProject2\ecg\reports\external_benchmarks\e311_but_node_ladder_tuning_10s_2026_06_08\analysis\original_bucketed_checkpoint\nl_n7200_gm_trim_bad_goodlike_aux_tai_acecb57de1__feature_pc1_qrsprom_visiblegood_w_d679dd16_original_test_predictions.csv,125001 good->medium,0.2613966762928385
32561,test,0,good,125001,outlier_low_confidence,0.1393844924864454,-2.219660740522777,7.282080659982166,-0.1919690708236864,1,medium,False,4.3544358e-07,0.9999995,5.3633102e-09,False,-2.219660740522777,7.282080659982166,-0.1919690708236864,3.4378132359799976,0.1393844924864454,0.3918762928284874,1.1005792823864,0.1977582065652522,0.7838631078997896,0.0278642838820815,0.0771772900596261,0.8729814970969356,0.7202908502256076,0.2444266946297027,0.3730356523361833,2.93607066930142,0.1705097632839721,0.0093965257668008,125,isolated_good,0.4224382444405328,0.1056095611101332,good->medium,False,E:\GPTProject2\ecg\reports\external_benchmarks\e311_but_node_ladder_tuning_10s_2026_06_08\analysis\original_bucketed_checkpoint\nl_n7200_gm_trim_bad_goodlike_aux_tai_acecb57de1__feature_pc1_qrsprom_visiblegood_w_d679dd16_original_test_predictions.csv,125001 good->medium,0.3888597923571813
25256,test,0,good,111001,outlier_low_confidence,0.0743046351441812,-3.697195385315074,11.610180639597612,-0.5862346860873093,1,medium,False,1.4228738e-06,0.99999857,1.727338e-08,False,-3.697195385315074,11.610180639597612,-0.5862346860873093,4.240404946128069,0.0743046351441812,0.1356835266179169,1.0309099765117276,0.2057646116893514,0.5398962563905865,0.0259822223422815,0.0402524389326572,0.8668117816101826,0.6112550558736956,0.1879524791852022,0.9278397134024996,4.225594784440863,0.0430339976141338,0.0057101388269907,111,isolated_good,0.4529572258405209,0.1132393064601302,good->medium,False,E:\GPTProject2\ecg\reports\external_benchmarks\e311_but_node_ladder_tuning_10s_2026_06_08\analysis\original_bucketed_checkpoint\nl_n7200_gm_trim_bad_goodlike_aux_tai_acecb57de1__feature_pc1_qrsprom_visiblegood_w_d679dd16_original_test_predictions.csv,111001 good->medium,0.039949020449282203
26384,test,0,good,111001,outlier_low_confidence,0.061265746444791,-3.9919053924340417,11.224806461806132,-0.1381360742812815,1,medium,False,6.349447e-06,0.99999356,7.237057e-08,False,-3.9919053924340417,11.224806461806132,-0.1381360742812815,4.213938470512932,0.061265746444791,0.193944543478308,0.9788676317037752,0.2738190552441953,0.6152719468446441,0.0189835274592042,0.0385898113250732,0.8375026055980821,0.4850051008645354,0.2135936553235555,1.1687569506723945,6.038582096264793,0.0475178815938504,0.0037535721898898,111,isolated_good,0.4385298949715426,0.1096324737428856,good->medium,False,E:\GPTProject2\ecg\reports\external_benchmarks\e311_but_node_ladder_tuning_10s_2026_06_08\analysis\original_bucketed_checkpoint\nl_n7200_gm_trim_bad_goodlike_aux_tai_acecb57de1__feature_pc1_qrsprom_visiblegood_w_d679dd16_original_test_predictions.csv,111001 good->medium,0.04867898790847798
25257,test,0,good,111001,outlier_low_confidence,0.0722564658462055,-3.6359166764344457,11.738662574192272,-0.6384440519021223,1,medium,False,0.019373102,0.979722,0.0009048581,False,-3.6359166764344457,11.738662574192272,-0.6384440519021223,3.457121615281072,0.0722564658462055,0.1592475461033284,0.9896173376263256,0.2209767814251401,0.6107482377239317,0.021536875446327,0.0329060524702071,0.8852672774390828,0.6211944699013532,0.1926806393955006,0.6678155353115731,3.4942598870428534,0.0501365167319426,0.0061972239381446,111,isolated_good,0.4446077568503197,0.1111519392125799,good->medium,False,E:\GPTProject2\ecg\reports\external_benchmarks\e311_but_node_ladder_tuning_10s_2026_06_08\analysis\original_bucketed_checkpoint\nl_n7200_gm_trim_bad_goodlike_aux_tai_acecb57de1__feature_pc1_qrsprom_visiblegood_w_d679dd16_original_test_predictions.csv,111001 good->medium,0.07763792680579579
24667,test,0,good,111001,outlier_low_confidence,0.0579224538453383,-3.310605279873522,10.673133334897376,-0.1060428759008661,1,medium,False,2.6839905e-06,0.99999726,3.256843e-08,False,-3.310605279873522,10.673133334897376,-0.1060428759008661,3.0884940481670125,0.0579224538453383,0.2440098743135298,1.0910584280640554,0.2025620496397117,0.7283371078806413,0.0173280835151672,0.0400964707136153,0.8280305324106365,0.6037729482311341,0.2135936553235555,-0.4194619876598753,3.9644244999933846,0.0509834160587559,0.0037288464796193,111,isolated_good,0.437807310919439,0.1094518277298597,good->medium,False,E:\GPTProject2\ecg\reports\external_benchmarks\e311_but_node_ladder_tuning_10s_2026_06_08\analysis\original_bucketed_checkpoint\nl_n7200_gm_trim_bad_goodlike_aux_tai_acecb57de1__feature_pc1_qrsprom_visiblegood_w_d679dd16_original_test_predictions.csv,111001 good->medium,0.11998666576522145
24877,test,0,good,111001,outlier_low_confidence,0.0709148320474856,-2.908921342164919,11.068957068467023,1.5750396331056882,1,medium,False,1.5388467e-05,0.9999844,1.8184564e-07,False,-2.908921342164919,11.068957068467023,1.5750396331056882,4.1491401125094365,0.0709148320474856,0.1768484481468656,1.020972176374355,0.2241793434747798,0.6653617325528922,0.0205865052528679,0.0436931781470774,0.8314401180922374,0.5833692275899309,0.1819203045647175,0.4642710995272049,4.827648655845129,0.0437346765124547,0.0045434418671506,111,isolated_good,0.3897277474623011,0.0974319368655752,good->medium,False,E:\GPTProject2\ecg\reports\external_benchmarks\e311_but_node_ladder_tuning_10s_2026_06_08\analysis\original_bucketed_checkpoint\nl_n7200_gm_trim_bad_goodlike_aux_tai_acecb57de1__feature_pc1_qrsprom_visiblegood_w_d679dd16_original_test_predictions.csv,111001 good->medium,0.1249589472717053
24741,test,1,medium,111001,outlier_low_confidence,0.0802105891628829,-3.5702754948337674,9.64513932533734,-0.2658870525946163,0,good,False,4.475526e-06,0.99999547,5.534986e-08,False,-3.5702754948337674,9.64513932533734,-0.2658870525946163,4.9741934638553005,0.0802105891628829,0.2279323554230349,1.0407754773278155,0.2057646116893514,0.5673283264544857,0.0207759566605091,0.0526632547378539,0.8165239353106453,0.6840779050278544,0.286169028098801,1.1728728100694925,6.358811695615122,0.0560677917243343,0.0045685379236169,111,isolated_medium,0.0798833270605946,0.0199708317651486,medium->good,False,E:\GPTProject2\ecg\reports\external_benchmarks\e311_but_node_ladder_tuning_10s_2026_06_08\analysis\original_bucketed_checkpoint\nl_n7200_gm_trim_bad_goodlike_aux_tai_acecb57de1__feature_pc1_qrsprom_visiblegood_w_d679dd16_original_test_predictions.csv,111001 medium->good,0.027095622002814408
26347,test,1,medium,111001,outlier_low_confidence,0.0793741306191154,-3.4141790454545724,9.740514879117368,0.21592522911857,0,good,False,0.30879086,0.68662757,0.0045815697,False,-3.4141790454545724,9.740514879117368,0.21592522911857,5.362930618227344,0.0793741306191154,0.2418459920539027,1.0101295228289633,0.2089671737389911,0.5039230862748262,0.020373598113656,0.0428936626762151,0.8097738384966505,0.5043898817726936,0.2535548202751237,1.5470535272249533,7.900297080746146,0.0613206755134697,0.0047901316592541,111,isolated_medium,0.0960811065111027,0.0240202766277756,medium->good,False,E:\GPTProject2\ecg\reports\external_benchmarks\e311_but_node_ladder_tuning_10s_2026_06_08\analysis\original_bucketed_checkpoint\nl_n7200_gm_trim_bad_goodlike_aux_tai_acecb57de1__feature_pc1_qrsprom_visiblegood_w_d679dd16_original_test_predictions.csv,111001 medium->good,0.031020903938026975
25337,test,1,medium,111001,outlier_low_confidence,0.0789670437051458,-3.595460702613533,9.883299974399163,-0.077800398364249,0,good,False,0.030024117,0.9689321,0.0010438332,False,-3.595460702613533,9.883299974399163,-0.077800398364249,5.011386496742818,0.0789670437051458,0.217566701034168,0.9497369270217186,0.1977582065652522,0.4357176160248941,0.0217764064669609,0.0418883651494979,0.8448849447973728,0.5656073010193517,0.2325672450543257,1.399363494059266,6.793087653516744,0.0645194926868679,0.0068094617175342,111,isolated_medium,0.0769712081294693,0.0192428020323673,medium->good,False,E:\GPTProject2\ecg\reports\external_benchmarks\e311_but_node_ladder_tuning_10s_2026_06_08\analysis\original_bucketed_checkpoint\nl_n7200_gm_trim_bad_goodlike_aux_tai_acecb57de1__feature_pc1_qrsprom_visiblegood_w_d679dd16_original_test_predictions.csv,111001 medium->good,0.04673729498161011
24742,test,1,medium,111001,outlier_low_confidence,0.0898231515589947,-3.314374460555136,8.715462930200944,0.3467758701490992,0,good,False,1.449083e-06,0.99999857,1.1204343e-08,False,-3.314374460555136,8.715462930200944,0.3467758701490992,5.13368816337077,0.0898231515589947,0.2098717593627635,1.1193729282779317,0.1689351481184948,0.4752208224895474,0.0353894876316189,0.0598184347152709,0.808406206886256,0.6154698058936539,0.3273531727209285,1.2965436253450568,6.820334151271332,0.0507839128811045,0.0047740902455313,111,isolated_medium,0.1419109898381633,0.0354777474595408,medium->good,False,E:\GPTProject2\ecg\reports\external_benchmarks\e311_but_node_ladder_tuning_10s_2026_06_08\analysis\original_bucketed_checkpoint\nl_n7200_gm_trim_bad_goodlike_aux_tai_acecb57de1__feature_pc1_qrsprom_visiblegood_w_d679dd16_original_test_predictions.csv,111001 medium->good,0.07113473432538175
27172,test,1,medium,111001,outlier_low_confidence,0.0805718753726506,-3.4711215134291487,7.92342615631437,-0.101954977677998,0,good,False,5.1189786e-06,0.9999949,4.1160288e-08,False,-3.4711215134291487,7.92342615631437,-0.101954977677998,5.901272135025915,0.0805718753726506,0.2537846730084607,0.8551888327493314,0.2153722978382706,0.5507267759249665,0.0524121925234794,0.0611638568341731,0.7449892807483487,0.60078529628919,0.3704152082810796,1.218139665284643,9.618353880018043,0.0646426278288174,0.0057746825539149,111,isolated_medium,0.2252471459039016,0.0563117864759754,medium->good,False,E:\GPTProject2\ecg\reports\external_benchmarks\e311_but_node_ladder_tuning_10s_2026_06_08\analysis\original_bucketed_checkpoint\nl_n7200_gm_trim_bad_goodlike_aux_tai_acecb57de1__feature_pc1_qrsprom_visiblegood_w_d679dd16_original_test_predictions.csv,111001 medium->good,0.11321253781480478
26996,test,2,bad,111001,outlier_low_confidence,0.024126139743636,-3.4235142557972345,12.743419250197787,-1.190241461269363,1,medium,False,1.6297013e-06,0.99999833,1.5446673e-08,False,-3.4235142557972345,12.743419250197787,-1.190241461269363,2.7711682259058814,0.024126139743636,0.0884600626451518,1.4516606423996767,0.3682946357085668,0.6447341511637632,0.0391054952517151,0.0542205840349197,0.8491364514345442,0.2799157416543598,0.3273531727209285,0.6701774379261809,4.172366712643196,0.0165179154214255,0.006123013934478,111,bad_outlier,0.0272847682119205,0.0068211920529801,bad->medium,False,E:\GPTProject2\ecg\reports\external_benchmarks\e311_but_node_ladder_tuning_10s_2026_06_08\analysis\original_bucketed_checkpoint\nl_n7200_gm_trim_bad_goodlike_aux_tai_acecb57de1__feature_pc1_qrsprom_visiblegood_w_d679dd16_original_test_predictions.csv,111001 bad->medium,0.012788845617778832
26988,test,2,bad,111001,outlier_low_confidence,0.0324409695312742,-3.0485347246003536,12.28513716360689,-1.094019445149945,1,medium,False,2.368544e-06,0.9999976,2.9307362e-08,False,-3.0485347246003536,12.28513716360689,-1.094019445149945,2.6654011164652127,0.0324409695312742,0.0930102170370616,1.435483034405494,0.2826261008807045,0.7286692430526701,0.0522676773369312,0.0706435441970825,0.9128501935091148,0.2932147030359232,0.4449944320643648,0.4965912703935564,2.66613691187605,0.0178001856660994,0.0020189374227999,111,bad_outlier,0.0272374645222327,0.0068093661305581,bad->medium,False,E:\GPTProject2\ecg\reports\external_benchmarks\e311_but_node_ladder_tuning_10s_2026_06_08\analysis\original_bucketed_checkpoint\nl_n7200_gm_trim_bad_goodlike_aux_tai_acecb57de1__feature_pc1_qrsprom_visiblegood_w_d679dd16_original_test_predictions.csv,111001 bad->medium,0.08383634059283768
25129,test,2,bad,111001,outlier_low_confidence,0.0197563503283602,-4.046154479193626,13.199243396416191,-1.0026360514719006,1,medium,False,1.834952e-06,0.9999981,1.5928796e-08,False,-4.046154479193626,13.199243396416191,-1.0026360514719006,2.8909680911272835,0.0197563503283602,0.077515232797529,1.4040866937618512,0.3034427542033627,0.5686017143783578,0.0396426573395728,0.0513370357453821,0.8268631945901181,0.2075633460022129,0.2535548202751237,0.3259738302079116,4.877205411141443,0.0129049510989173,0.0026300046969873,111,bad_outlier,0.0248155156102175,0.0062038789025543,bad->medium,False,E:\GPTProject2\ecg\reports\external_benchmarks\e311_but_node_ladder_tuning_10s_2026_06_08\analysis\original_bucketed_checkpoint\nl_n7200_gm_trim_bad_goodlike_aux_tai_acecb57de1__feature_pc1_qrsprom_visiblegood_w_d679dd16_original_test_predictions.csv,111001 bad->medium,0.1011148924011251
26993,test,2,bad,111001,outlier_low_confidence,0.0223642211255221,-3.464033990550524,12.589584502812766,-0.4167407872462111,1,medium,False,2.0042905e-06,0.999998,1.844438e-08,False,-3.464033990550524,12.589584502812766,-0.4167407872462111,2.9599582034395864,0.0223642211255221,0.0903543680490326,1.7265503280227823,0.3314651721377101,0.7302556483523995,0.0509639799594878,0.0713721215724943,0.8557251241919203,0.3064754409920064,0.3164309725825327,0.6409095201641047,4.189226855128224,0.0118450362980294,0.0028371777353311,111,bad_outlier,0.0240018921475874,0.0060004730368968,bad->medium,False,E:\GPTProject2\ecg\reports\external_benchmarks\e311_but_node_ladder_tuning_10s_2026_06_08\analysis\original_bucketed_checkpoint\nl_n7200_gm_trim_bad_goodlike_aux_tai_acecb57de1__feature_pc1_qrsprom_visiblegood_w_d679dd16_original_test_predictions.csv,111001 bad->medium,0.12073237633151618
27026,test,2,bad,111001,outlier_low_confidence,0.0150525491682235,-3.5632944182788004,12.126984821026468,-0.7759727413405212,1,medium,False,0.00038513704,0.9996081,6.8246663e-06,False,-3.5632944182788004,12.126984821026468,-0.7759727413405212,2.466864463999048,0.0150525491682235,0.0703685044779903,1.5957783109291572,0.3963170536429143,0.6104674572241714,0.0526276156306266,0.0590103948488831,0.7771003744889738,0.2428071020100157,0.297883010624303,1.2072155293121891,6.204792949677902,0.0085335885080038,0.0028515482461013,111,bad_outlier,0.0235666982024597,0.0058916745506149,bad->medium,False,E:\GPTProject2\ecg\reports\external_benchmarks\e311_but_node_ladder_tuning_10s_2026_06_08\analysis\original_bucketed_checkpoint\nl_n7200_gm_trim_bad_goodlike_aux_tai_acecb57de1__feature_pc1_qrsprom_visiblegood_w_d679dd16_original_test_predictions.csv,111001 bad->medium,0.13781019601929118
28548,test,0,good,111001,good_medium_overlap,0.23254275170488,-5.569888658951034,4.873576269193497,-1.0234682999020583,0,good,True,0.999967,3.2976197e-05,4.2258012e-08,False,-5.569888658951034,4.873576269193497,-1.0234682999020583,8.03941888668234,0.23254275170488,0.4278716264102363,0.8392552938898,0.3578863090472378,0.2174992885271602,0.0196268707513809,0.0567248433828353,0.6428276530227572,0.6546872318886168,0.1957096784462507,4.383864252434105,29.8545442322088,0.1667854651468836,0.0184313010227742,111,good_medium_boundary,0.6610602593440122,0.5817330282227308,good->good,True,E:\GPTProject2\ecg\reports\external_benchmarks\e311_but_node_ladder_tuning_10s_2026_06_08\analysis\original_bucketed_checkpoint\nl_n7200_gm_trim_bad_goodlike_aux_tai_acecb57de1__feature_pc1_qrsprom_visiblegood_w_d679dd16_original_test_predictions.csv,correct good,0.024230647983837627
28183,test,0,good,111001,good_medium_overlap,0.2620068038260435,-5.371618820451525,5.293635163993693,-1.2350324163870148,0,good,True,0.9999651,3.490758e-05,4.352357e-08,False,-5.371618820451525,5.293635163993693,-1.2350324163870148,7.962804100637893,0.2620068038260435,0.3970852875657324,0.7939260257836311,0.4067253803042434,0.2780319111221801,0.016899263812229,0.0539534896612167,0.6908415281747988,0.5659823003864739,0.2344123783149211,4.060546446667034,27.70983704308395,0.1683216475389807,0.0219184698850565,111,good_medium_boundary,0.6482573490582644,0.5704664671712727,good->good,True,E:\GPTProject2\ecg\reports\external_benchmarks\e311_but_node_ladder_tuning_10s_2026_06_08\analysis\original_bucketed_checkpoint\nl_n7200_gm_trim_bad_goodlike_aux_tai_acecb57de1__feature_pc1_qrsprom_visiblegood_w_d679dd16_original_test_predictions.csv,correct good,0.031109765010405164
29090,test,0,good,111001,good_medium_overlap,0.2597884859695359,-5.367236495539284,5.149351316913518,-1.181779379339917,0,good,True,0.99990857,9.1290145e-05,1.6740245e-07,False,-5.367236495539284,5.149351316913518,-1.181779379339917,8.026228150687247,0.2597884859695359,0.4292940548629309,0.8200620891781776,0.389111289031225,0.2942267777765454,0.0182448331266641,0.0538143515586852,0.6770820889687804,0.6465239876723345,0.2325672450543258,4.177754659048298,29.37967532319376,0.1771337993727027,0.0222170775648722,111,good_medium_boundary,0.6541043243560406,0.5756118054333157,good->good,True,E:\GPTProject2\ecg\reports\external_benchmarks\e311_but_node_ladder_tuning_10s_2026_06_08\analysis\original_bucketed_checkpoint\nl_n7200_gm_trim_bad_goodlike_aux_tai_acecb57de1__feature_pc1_qrsprom_visiblegood_w_d679dd16_original_test_predictions.csv,correct good,0.03316196934851194
28938,test,0,good,111001,outlier_low_confidence,0.2373186294510194,-5.538992628183767,4.3764756498753385,-0.744929116749792,0,good,True,0.9999578,4.2023876e-05,6.2746324e-08,False,-5.538992628183767,4.3764756498753385,-0.744929116749792,8.042331810222892,0.2373186294510194,0.4316126243219526,0.8126488927122818,0.3610888710968775,0.201625922540266,0.023368532245513,0.0615117013454437,0.6264341021279367,0.6391232789795757,0.286169028098801,5.0197683443620456,36.66385916564825,0.1741119859375949,0.0191761120954571,111,isolated_good,0.6038344188229771,0.1509586047057442,good->good,True,E:\GPTProject2\ecg\reports\external_benchmarks\e311_but_node_ladder_tuning_10s_2026_06_08\analysis\original_bucketed_checkpoint\nl_n7200_gm_trim_bad_goodlike_aux_tai_acecb57de1__feature_pc1_qrsprom_visiblegood_w_d679dd16_original_test_predictions.csv,correct good,0.03417964095167456
27741,test,0,good,111001,outlier_low_confidence,0.2184111757114659,-5.42589999096939,5.397039854063912,-2.6213261883780308,0,good,True,0.9999615,3.8537535e-05,5.133655e-08,False,-5.42589999096939,5.397039854063912,-2.6213261883780308,8.122665459288955,0.2184111757114659,0.3703364881688101,0.7006363796192129,0.3498799039231385,0.3036156026372536,0.0202597200870513,0.0502887725830078,0.693192726508267,0.6738381723719958,0.3704152082810796,3.880943107625283,27.320515093677663,0.1562122738410166,0.0178986989105377,111,isolated_good,0.6512351111893446,0.1628087777973361,good->good,True,E:\GPTProject2\ecg\reports\external_benchmarks\e311_but_node_ladder_tuning_10s_2026_06_08\analysis\original_bucketed_checkpoint\nl_n7200_gm_trim_bad_goodlike_aux_tai_acecb57de1__feature_pc1_qrsprom_visiblegood_w_d679dd16_original_test_predictions.csv,correct good,0.05116034333375842
29344,test,1,medium,111001,good_medium_overlap,0.0713821232404706,-1.0240701708193647,4.662710991300699,3.622913688990972,1,medium,True,0.9999467,5.322353e-05,8.632867e-08,False,-1.0240701708193647,4.662710991300699,3.622913688990972,5.6746970350622,0.0713821232404706,0.4227605580779806,1.027856569749568,0.1801441152922338,0.5308088759982448,0.0787404384929686,0.1396597385406494,0.7083878444202695,0.5080094128754102,0.1819203045647175,2.5762676603328574,13.540744633427982,0.2056618363832686,0.029748855357777,111,good_medium_boundary,0.6251314138752979,0.5501156442102622,medium->medium,True,E:\GPTProject2\ecg\reports\external_benchmarks\e311_but_node_ladder_tuning_10s_2026_06_08\analysis\original_bucketed_checkpoint\nl_n7200_gm_trim_bad_goodlike_aux_tai_acecb57de1__feature_pc1_qrsprom_visiblegood_w_d679dd16_original_test_predictions.csv,correct medium,0.006467976700412914
29346,test,1,medium,111001,good_medium_overlap,0.0607726413023551,-0.7821506641106903,5.026636005966536,3.5473955418622296,1,medium,True,0.0007091468,0.99927086,1.9972229e-05,False,-0.7821506641106903,5.026636005966536,3.5473955418622296,5.572493899788896,0.0607726413023551,0.4097727685893306,0.9358806779984972,0.1865492393915132,0.5675767855581291,0.0443471714854239,0.0564535751938817,0.7231541625110274,0.4724586001288419,0.1926806393955007,2.115185185601831,12.242862222362954,0.1917274532517029,0.0274436851482926,111,good_medium_boundary,0.651446807176013,0.5732731903148914,medium->medium,True,E:\GPTProject2\ecg\reports\external_benchmarks\e311_but_node_ladder_tuning_10s_2026_06_08\analysis\original_bucketed_checkpoint\nl_n7200_gm_trim_bad_goodlike_aux_tai_acecb57de1__feature_pc1_qrsprom_visiblegood_w_d679dd16_original_test_predictions.csv,correct medium,0.015030782913479219
29720,test,1,medium,111001,good_medium_overlap,0.0498149528412813,-1.0191718198805797,5.531087669918874,3.408823501212016,1,medium,True,0.99995756,4.2310465e-05,6.207648e-08,False,-1.0191718198805797,5.531087669918874,3.408823501212016,5.677414488744601,0.0498149528412813,0.3513672326456615,0.995739657943684,0.1353082465972778,0.4671433074213555,0.0713980302214622,0.1165145933628078,0.7414488088065333,0.5079984280508354,0.2193450929151803,2.551821989196583,13.876894640679776,0.1564175095264112,0.0205614785205531,111,good_medium_boundary,0.6440600301091456,0.5667728264960481,medium->medium,True,E:\GPTProject2\ecg\reports\external_benchmarks\e311_but_node_ladder_tuning_10s_2026_06_08\analysis\original_bucketed_checkpoint\nl_n7200_gm_trim_bad_goodlike_aux_tai_acecb57de1__feature_pc1_qrsprom_visiblegood_w_d679dd16_original_test_predictions.csv,correct medium,0.015406839172364194
26158,test,1,medium,111001,good_medium_overlap,0.0699732239977441,-0.6087105912212784,5.322322451069899,2.460161087440249,1,medium,True,7.585575e-07,0.9999993,9.824902e-09,False,-0.6087105912212784,5.322322451069899,2.460161087440249,5.326878909628768,0.0699732239977441,0.4048025511929894,0.9988824986775678,0.1297037630104083,0.6664411487192836,0.0893995151855049,0.1237947829067705,0.7762728513391013,0.4768069948320184,0.275887238151612,1.2333171942635563,8.660623940197588,0.182175842365943,0.0315996369183046,111,good_medium_boundary,0.7000624137498431,0.616054924099862,medium->medium,True,E:\GPTProject2\ecg\reports\external_benchmarks\e311_but_node_ladder_tuning_10s_2026_06_08\analysis\original_bucketed_checkpoint\nl_n7200_gm_trim_bad_goodlike_aux_tai_acecb57de1__feature_pc1_qrsprom_visiblegood_w_d679dd16_original_test_predictions.csv,correct medium,0.021831923316897615
30421,test,1,medium,111001,good_medium_overlap,0.0597391899739714,-1.2156072074612998,6.181663835217756,2.467797913359286,1,medium,True,0.88386154,0.114662334,0.0014761331,False,-1.2156072074612998,6.181663835217756,2.467797913359286,5.433869770859178,0.0597391899739714,0.3459271629977648,1.0176623244087355,0.1857485988791032,0.597733740092392,0.054611500352621,0.0922478698194025,0.7836681882479546,0.4317610107169723,0.2108967220595339,1.5013370302702984,9.689206231940492,0.184794967075623,0.0327696919328477,111,good_medium_boundary,0.5552951323547862,0.4886597164722119,medium->medium,True,E:\GPTProject2\ecg\reports\external_benchmarks\e311_but_node_ladder_tuning_10s_2026_06_08\analysis\original_bucketed_checkpoint\nl_n7200_gm_trim_bad_goodlike_aux_tai_acecb57de1__feature_pc1_qrsprom_visiblegood_w_d679dd16_original_test_predictions.csv,correct medium,0.02382013857650855
31818,test,2,bad,122001,near_bad_boundary,0.1013305118531464,8.988292920046707,-0.9577378053782132,0.5097672749365101,2,bad,True,2.053559e-05,0.09274626,0.9072332,False,8.988292920046707,-0.9577378053782132,0.5097672749365101,2.8902935008352864,0.1013305118531464,0.3238183555112499,0.2424505709713941,0.0072057646116893,0.9443566953234774,0.4508716866374015,0.452893216907978,0.8865144353560982,0.177100546669896,0.4449944320643648,0.0872074869375982,2.9389778313675734,0.3443225681172764,0.2783263209226083,122,bad_outlier,0.3931488489435509,0.3066561021759698,bad->bad,True,E:\GPTProject2\ecg\reports\external_benchmarks\e311_but_node_ladder_tuning_10s_2026_06_08\analysis\original_bucketed_checkpoint\nl_n7200_gm_trim_bad_goodlike_aux_tai_acecb57de1__feature_pc1_qrsprom_visiblegood_w_d679dd16_original_test_predictions.csv,correct bad,0.31120698787224665
31881,test,2,bad,122001,near_bad_boundary,0.1050022213888745,8.935985827230569,-1.0494203368442612,0.3709379875361745,2,bad,True,2.1494827e-05,0.98371416,0.01626428,False,8.935985827230569,-1.0494203368442612,0.3709379875361745,2.909874554374253,0.1050022213888745,0.3574315898379898,0.2787470524996549,0.0080064051240992,0.8893663903567609,0.4186970934737472,0.4439411789178848,0.9068347260873524,0.2138184062199502,0.6796227589829592,-0.0316731771985204,2.8484554633318973,0.3246542398424876,0.2701425925621675,122,bad_outlier,0.3890618101545254,0.3034682119205298,bad->bad,True,E:\GPTProject2\ecg\reports\external_benchmarks\e311_but_node_ladder_tuning_10s_2026_06_08\analysis\original_bucketed_checkpoint\nl_n7200_gm_trim_bad_goodlike_aux_tai_acecb57de1__feature_pc1_qrsprom_visiblegood_w_d679dd16_original_test_predictions.csv,correct bad,0.35136041515098226
31823,test,2,bad,122001,near_bad_boundary,0.1058627286593431,8.760087343044269,-0.9603681020443754,0.1881685296942623,2,bad,True,6.2434214e-05,0.8325329,0.16740471,False,8.760087343044269,-0.9603681020443754,0.1881685296942623,2.984864513116701,0.1058627286593431,0.3379724952721775,0.2767490674394024,0.0080064051240992,0.9534769437912964,0.4363766543567177,0.4536546170711515,0.8782779734820791,0.1810196604706069,0.4449944320643648,0.0341058249688361,3.026647720748356,0.296885670040835,0.2859926023187754,122,bad_outlier,0.3914648375906654,0.305342573320719,bad->bad,True,E:\GPTProject2\ecg\reports\external_benchmarks\e311_but_node_ladder_tuning_10s_2026_06_08\analysis\original_bucketed_checkpoint\nl_n7200_gm_trim_bad_goodlike_aux_tai_acecb57de1__feature_pc1_qrsprom_visiblegood_w_d679dd16_original_test_predictions.csv,correct bad,0.3784690033099662
31817,test,2,bad,122001,near_bad_boundary,0.09864351723557,8.908473092664977,-0.900681947232236,0.2606743137237531,2,bad,True,1.5703179e-05,0.99716693,0.0028173767,False,8.908473092664977,-0.900681947232236,0.2606743137237531,3.009082073892406,0.09864351723557,0.2917520826909949,0.2646986874564176,0.0072057646116893,0.8857439929450008,0.426791688427329,0.4428039908409115,0.8708333984741988,0.2090406587208892,0.6796227589829592,0.0099712067093598,3.0959506920252644,0.3386390318484685,0.2654097338723209,122,bad_outlier,0.3903011668243457,0.3044349101229896,bad->bad,True,E:\GPTProject2\ecg\reports\external_benchmarks\e311_but_node_ladder_tuning_10s_2026_06_08\analysis\original_bucketed_checkpoint\nl_n7200_gm_trim_bad_goodlike_aux_tai_acecb57de1__feature_pc1_qrsprom_visiblegood_w_d679dd16_original_test_predictions.csv,correct bad,0.40363435065226166
31890,test,2,bad,122001,near_bad_boundary,0.1092215730932293,9.115557268128724,-1.054765367481945,0.7601944931525356,2,bad,True,4.954272e-05,0.68865967,0.31129077,False,9.115557268128724,-1.054765367481945,0.7601944931525356,3.002114929401078,0.1092215730932293,0.355649741226734,0.25714495444966,0.0144115292233787,0.9025926146077312,0.3820982828736306,0.4199266582727432,0.9012075664406344,0.2243790427758254,0.6796227589829592,-0.0387623049480969,2.923156332661521,0.3269645986632719,0.2500090012984772,122,bad_outlier,0.3866777041942605,0.3016086092715232,bad->bad,True,E:\GPTProject2\ecg\reports\external_benchmarks\e311_but_node_ladder_tuning_10s_2026_06_08\analysis\original_bucketed_checkpoint\nl_n7200_gm_trim_bad_goodlike_aux_tai_acecb57de1__feature_pc1_qrsprom_visiblegood_w_d679dd16_original_test_predictions.csv,correct bad,0.4069729701117786
