feature,orig_bad_outlier_mean_z,orig_bad_outlier_p10_z,orig_bad_outlier_p90_z,orig_bad_core_mean_z,synth_bad_mean_z,synth_nonbad_mean_z,ks_outlier_vs_synth_bad,ks_outlier_vs_synth_nonbad,closer_to_synth_nonbad,mean_gap_to_synth_bad,mean_gap_to_synth_nonbad
ch0_mean,-1.3082889318466187,-2.3560471534729004,-0.35855481028556824,-1.1270321607589722,-1.1142199039459229,0.18579985201358795,0.4448653504626793,0.6631176073290269,False,0.1940690279006958,1.4940887838602066
ch0_std,0.0007424248615279794,-1.1085447072982788,1.0332945585250854,-0.06158830225467682,-0.027719980105757713,0.004622208420187235,0.09303955881894754,0.09145524132795319,True,0.028462404967285693,0.0038797835586592555
ch0_mean_abs,-1.3129161596298218,-2.3874073028564453,-0.323661208152771,-1.130658745765686,-1.1170976161956787,0.18627603352069855,0.4551652871104095,0.6653706942832898,False,0.19581854343414307,1.4991921931505203
ch0_rms,-0.336514413356781,-0.993191659450531,0.25719767808914185,-0.9490833282470703,-0.9625289440155029,0.16049961745738983,0.7794094737607361,0.36949673553504314,True,0.6260145306587219,0.49701403081417084
ch0_ptp,-1.11064875125885,-1.6288923025131226,-0.5716366767883301,0.18782679736614227,-0.36343657970428467,0.06060943007469177,0.8707250199923147,0.6455024851497151,False,0.7472121715545654,1.1712581813335419
ch0_diff_abs,1.9255906343460083,0.42705443501472473,3.6229798793792725,-1.5595190525054932,-1.76143217086792,0.293715238571167,0.9727065959059894,0.5888454011741684,True,3.6870228052139282,1.6318753957748413
ch0_diff_rms,-0.15905529260635376,-1.1818792819976807,0.9642635583877563,-1.017196774482727,-1.0397052764892578,0.17338036000728607,0.7246668813027719,0.27585594790710566,True,0.880649983882904,0.33243565261363983
ch0_flat,-1.8353368043899536,-2.348954916000366,-1.145594835281372,2.477733612060547,1.072554588317871,-0.1788206398487091,0.975347139281523,0.7573108428727292,True,2.9078913927078247,1.6565161645412445
ch0_low_amp,0.9170295000076294,0.06936480104923248,1.8623043298721313,-1.599696159362793,-1.7573132514953613,0.2930441200733185,0.9727065959059894,0.42437005351297996,True,2.6743427515029907,0.6239853799343109
ch0_zcr,-0.34211716055870056,-0.9794282913208008,0.24597668647766113,-0.9574231505393982,-0.9704414010047913,0.1618262231349945,0.7976829686250481,0.37520825035069183,True,0.6283242404460907,0.5039433836936951
ch0_diff_tail10,-1.1106549501419067,-1.6289047002792358,-0.5716423988342285,0.18781913816928864,-0.36344680190086365,0.060603342950344086,0.8707250199923147,0.6455024851497151,False,0.7472081482410431,1.1712582930922508
ch0_diff_tail02,1.301302194595337,0.0609399639070034,2.707925796508789,-1.5840266942977905,-1.7420974969863892,0.2905029058456421,0.9727065959059894,0.446423808946539,True,3.043399691581726,1.0107992887496948
ch0_detail_short,-0.16950781643390656,-1.0793274641036987,0.730178713798523,-0.9522706270217896,-1.0017526149749756,0.16703324019908905,0.7231246170303365,0.30054205704587567,True,0.832244798541069,0.3365410566329956
ch0_detail_long,-0.41967642307281494,-1.1657941341400146,0.44453322887420654,-0.5240877866744995,-0.7842068076133728,0.13078320026397705,0.37561404966402523,0.378618187485929,False,0.36453038454055786,0.550459623336792
ch0_baseline_slope,2.2050511837005615,0.0798569843173027,4.56967830657959,-1.5061960220336914,-1.744471788406372,0.29088106751441956,0.9727065959059894,0.5370737578580953,True,3.9495229721069336,1.914170116186142
ch0_contact,-1.8353639841079712,-2.3489835262298584,-1.1456201076507568,2.4777181148529053,1.072535514831543,-0.17884321510791779,0.975347139281523,0.7573108428727292,True,2.907899498939514,1.6565207690000534
ch0_qrs_top01,-1.6691392660140991,-2.1445226669311523,-0.9937488436698914,4.537765026092529,0.9430827498435974,-0.1572616547346115,0.9761052893952454,0.731512044750013,True,2.6122220158576965,1.5118776112794876
ch0_qrs_top03,-0.40026232600212097,-1.4238086938858032,0.6945589780807495,-0.8620675206184387,-0.7708462476730347,0.12853142619132996,0.31453882663287885,0.29901719688966627,False,0.3705839216709137,0.5287937521934509
ch0_qrs_top10,-1.1106427907943726,-1.6288902759552002,-0.5716326236724854,0.18782533705234528,-0.3634380102157593,0.06061018630862236,0.8707250199923147,0.6455024851497151,False,0.7472047805786133,1.171252977102995
ch0_qrs_prom_ratio,-1.0223006010055542,-1.6266367435455322,-0.38520941138267517,1.421207308769226,-0.27528080344200134,0.04590066894888878,0.8025979623417491,0.5670055244791576,False,0.7470197975635529,1.068201269954443
ch0_qrs_detail_rms,-0.3915315866470337,-1.165144920349121,0.31605085730552673,-0.9155042767524719,-0.8850112557411194,0.14758263528347015,0.5244685159990445,0.3603215974230642,False,0.4934796690940857,0.5391142219305038
ch0_qrs_diff_top,3.8316078186035156,1.5610905885696411,6.567131519317627,-0.8993163704872131,-0.8364295959472656,0.13947629928588867,1.0,0.830369049062224,True,4.668037414550781,3.692131519317627
ch0_qrs_diff_ratio,2.795639991760254,0.752034068107605,5.317399024963379,-0.7022405862808228,-0.6464926600456238,0.10780459642410278,1.0,0.7039442010286961,True,3.4421326518058777,2.687835395336151
ch0_qrs_baseline_span,0.628979504108429,-0.664850115776062,2.0728182792663574,-0.04338846355676651,-0.3031073808670044,0.05056772753596306,0.4725456188270483,0.22390765980291982,True,0.9320868849754333,0.5784117765724659
ch0_qrs_baseline_slope,0.7093941569328308,-1.550690770149231,3.676053285598755,-0.2612552046775818,-0.2871423363685608,0.04787536337971687,0.3802148784363414,0.2532765876383285,True,0.9965364933013916,0.6615187935531139
ch0_qrs_flat,2.9550845623016357,1.72688627243042,4.1410112380981445,-1.1549237966537476,-1.0496245622634888,0.17502281069755554,1.0,0.8290710562319242,True,4.0047091245651245,2.78006175160408
ch0_qrs_low_amp,-0.3761175870895386,-0.5121211409568787,-0.22914369404315948,0.7537472248077393,2.3029699325561523,-0.3840281069278717,0.9662493379168527,0.0740063730668653,True,2.679087519645691,0.00791051983833313
ch0_qrs_mean_abs,-1.1374282836914062,-1.3627877235412598,-0.8104415535926819,3.6872200965881348,1.9624807834625244,-0.3272538185119629,0.9920264417834183,0.6578832066224478,True,3.0999090671539307,0.8101744651794434
ch0_qrs_rms,-0.8942891955375671,-1.8817023038864136,0.2665458917617798,2.6550910472869873,-0.06582388281822205,0.010922291316092014,0.6929569931558778,0.4936780215783732,False,0.8284653127193451,0.9052114868536592
ch0_qrs_ptp,-0.49003884196281433,-0.5661922693252563,-0.4131867289543152,0.4442727863788605,2.1947124004364014,-0.3659697473049164,0.9696739954510993,0.5282051504078417,True,2.6847512423992157,0.12406909465789795
ch0_qrs_zcr,-1.160140872001648,-1.636619210243225,-0.6390539407730103,-0.1272527277469635,-0.5976625680923462,0.0996665209531784,0.8296291295813557,0.6969987704137298,False,0.5624783039093018,1.2598073929548264
ch0_stress_flat005,-1.0988699197769165,-1.6491754055023193,-0.37905293703079224,0.9481160044670105,-0.505692720413208,0.08432942628860474,0.7364052260429758,0.632455882098263,False,0.5931771993637085,1.1831993460655212
ch0_stress_flat015,-0.40105822682380676,-1.121906042098999,0.2748175859451294,-0.9733788371086121,-0.9730378985404968,0.16225317120552063,0.6397307009253586,0.3833642173077256,True,0.5719796717166901,0.5633113980293274
ch0_stress_flat030,-0.824901819229126,-1.262171745300293,-0.3176185190677643,-0.6036617159843445,-0.837258517742157,0.13961268961429596,0.47194844579226686,0.5847860346708691,False,0.012356698513031006,0.9645145088434219
ch0_stress_low015,-0.7065066695213318,-1.2107270956039429,-0.120435431599617,-0.0970822349190712,-0.7638968825340271,0.12737363576889038,0.4392181706772461,0.46283878565367237,False,0.05739021301269531,0.8338803052902222
ch0_stress_low050,-0.39042600989341736,-1.052790880203247,0.33780431747436523,-0.9716166257858276,-0.9870417714118958,0.16459237039089203,0.7428884480771029,0.39674765772474585,True,0.5966157615184784,0.5550183802843094
ch0_stress_low100,-1.7230539321899414,-2.284207582473755,-1.0309834480285645,0.0006723875994794071,0.030508410185575485,-0.005078387446701527,0.959007965769003,0.7625080096288728,True,1.753562342375517,1.7179755447432399
ch0_stress_zcr,-1.845690369606018,-2.325005292892456,-1.1668932437896729,2.2523629665374756,0.9532089233398438,-0.15895286202430725,0.9742228961334344,0.759763088166531,True,2.798899292945862,1.6867375075817108
ch0_stress_dzcr,-1.0416219234466553,-1.5587093830108643,-0.5494381785392761,-1.0424129962921143,-1.1091328859329224,0.18495593965053558,0.20916375003894605,0.7178246713887398,False,0.06751096248626709,1.2265778630971909
ch0_stress_flat_run101_max,-0.9253613352775574,-1.770679235458374,-0.1745428740978241,-0.5954179763793945,-0.6103152632713318,0.10176123678684235,0.6823688556087529,0.5627799040576347,False,0.3150460720062256,1.0271225720643997
ch0_stress_flat_run251_max,-1.8333210945129395,-2.353215456008911,-1.1241095066070557,2.436504602432251,1.0646625757217407,-0.17753475904464722,0.974981046247157,0.7556448400671942,True,2.89798367023468,1.6557863354682922
ch0_stress_low_run101_max,0.15335096418857574,-0.6490494012832642,1.0062776803970337,-1.0124374628067017,-1.1807273626327515,0.1968752145767212,0.9662493379168527,0.05694110108584588,True,1.3340783268213272,0.04352425038814545
ch0_stress_low_run251_max,0.34708690643310547,-0.88653564453125,1.75068998336792,-0.8489964008331299,-0.8675534129142761,0.14467152953147888,0.7264947500701029,0.05461268032488786,True,1.2146403193473816,0.2024153769016266
ch0_stress_baseline_span101,-0.04273606091737747,-0.5922000408172607,0.7854714393615723,-0.22897952795028687,-0.17499107122421265,0.029175741598010063,0.09531400916011512,0.061563306374798676,True,0.13225501030683517,0.07191180251538754
ch0_stress_baseline_span251,0.37193819880485535,-0.8492698073387146,1.848050594329834,-0.8450176119804382,-0.8597392439842224,0.14335913956165314,0.7529521119154196,0.043835616438356206,True,1.2316774427890778,0.2285790592432022
ch0_stress_baseline_slope251,0.6983334422111511,-1.2987487316131592,3.4388701915740967,-0.1443563997745514,-0.15602071583271027,0.026019969955086708,0.2917969196257023,0.2086071038913807,True,0.8543541580438614,0.6723134722560644
ch0_stress_baseline_curve251,3.83158802986145,1.5610835552215576,6.5670976638793945,-0.8993099927902222,-0.8364236354827881,0.1394769549369812,1.0,0.830369049062224,True,4.668011665344238,3.692111074924469
ch0_stress_detail_ratio31,-0.36728665232658386,-0.4983373284339905,-0.2091415673494339,0.6107093095779419,2.234731435775757,-0.37264007329940796,0.9658832448824868,0.05504649914275328,True,2.6020180881023407,0.005353420972824097
ch0_stress_detail_ratio101,-0.6848254203796387,-1.178017497062683,-0.20114770531654358,-0.9984149932861328,-1.0178464651107788,0.16972175240516663,0.6052478527734793,0.5710311206553176,False,0.33302104473114014,0.8545471727848053
ch0_stress_diff_top01,-0.7101240754127502,-1.2230942249298096,-0.11445102095603943,-0.6213865876197815,-0.8470979928970337,0.14125819504261017,0.4030892020729694,0.4896905252584729,False,0.13697391748428345,0.8513822704553604
ch0_stress_diff_top10,0.26388171315193176,-0.8737191557884216,1.3973535299301147,-1.0572787523269653,-1.200355052947998,0.20015718042850494,0.9472696210287993,0.14826992016348303,True,1.4642367660999298,0.06372453272342682
ch0_stress_ptp,-0.7848724722862244,-1.2426557540893555,-0.35331910848617554,-0.999687910079956,-1.0206927061080933,0.17019283771514893,0.5126003510338882,0.6245813345340561,False,0.2358202338218689,0.9550653100013733
ch0_stress_top_abs10,-0.900753378868103,-1.3132482767105103,-0.4527256488800049,-0.5818079710006714,-0.8279086351394653,0.1380634307861328,0.5302195519644396,0.618529518729543,False,0.0728447437286377,1.0388168096542358
ch0_stress_flat_run101_mean,0.1001587063074112,-0.9171110391616821,1.1264064311981201,-1.0533939599990845,-1.1957817077636719,0.1993931531906128,0.9396102277566026,0.20015153351921444,True,1.295940414071083,0.0992344468832016
ch0_stress_low_run101_mean,-0.8248279690742493,-1.3854695558547974,-0.2790077030658722,-0.8771241903305054,-0.9060405492782593,0.15109142661094666,0.44379303540457177,0.6122144675545088,False,0.08121258020401001,0.9759193956851959
ch0_qrsbank_top005,-1.1589640378952026,-1.636913537979126,-0.6097045540809631,-0.13882412016391754,-0.6027014851570129,0.10048564523458481,0.8269626221608316,0.6974230642675303,False,0.5562625527381897,1.2594496831297874
ch0_qrsbank_top02,-0.17371617257595062,-0.9921878576278687,0.576999306678772,-1.028030276298523,-1.1640987396240234,0.19411315023899078,0.91221296748263,0.2884453526834422,True,0.9903825670480728,0.3678293228149414
ch0_qrsbank_top10,-0.4662874937057495,-1.2164742946624756,0.5239343643188477,-1.7456272840499878,-1.7985138893127441,0.2999398708343506,0.9855951478392722,0.5175319952201999,True,1.3322263956069946,0.7662273645401001
ch0_qrsbank_top_ratio,0.3767695724964142,-0.5729151964187622,1.5146360397338867,-1.5452173948287964,-1.5733963251113892,0.2623536288738251,0.9931766489764974,0.08327849263114144,True,1.9501658976078033,0.11441594362258911
ch0_qrsbank_local_top01,1.569438099861145,0.25629955530166626,3.0454015731811523,-0.053488027304410934,-0.1237507238984108,0.020661476999521255,0.8477182797262351,0.6365550802694699,True,1.6931888237595558,1.5487766228616238
ch0_qrsbank_local_top03,-0.8955502510070801,-1.434187412261963,-0.43454116582870483,-0.7935555577278137,-0.8081026673316956,0.13476312160491943,0.6172743984130775,0.6362684654416986,False,0.08744758367538452,1.0303133726119995
ch0_qrsbank_peak_cv,-1.1133681535720825,-1.6275731325149536,-0.5668185949325562,0.16500648856163025,-0.37580230832099915,0.06267295032739639,0.8673003624580681,0.6457553296503472,False,0.7375658452510834,1.176041103899479
ch0_qrsbank_peak_density08,-0.38564419746398926,-1.0579934120178223,0.2089325189590454,-1.0480202436447144,-1.1881734132766724,0.19811974465847015,0.8840575570949349,0.40542576589370144,True,0.8025292158126831,0.5837639421224594
ch0_qrsbank_peak_density12,-0.8980876803398132,-1.3102647066116333,-0.4504033625125885,-0.5760670900344849,-0.824577808380127,0.13750067353248596,0.5492252328974836,0.6198049980084166,False,0.07350987195968628,1.0355883538722992
ch0_qrsbank_peak_density18,-0.7804504036903381,-1.267496109008789,-0.21333323419094086,0.02210947684943676,-0.7364663481712341,0.12280083447694778,0.4832947334531141,0.5181190793689279,False,0.043984055519104004,0.9032512381672859
ch0_qrsbank_no_peak251,-0.42267829179763794,-1.0481486320495605,0.23593759536743164,-0.9715009927749634,-0.9831996560096741,0.1639505922794342,0.7189158453373768,0.42886497064579254,False,0.5605213642120361,0.5866288840770721
ch0_qrsbank_ac50,0.35297855734825134,-0.601285457611084,1.5523560047149658,-1.5339887142181396,-1.55998957157135,0.26015612483024597,0.9931766489764974,0.07896887934468247,True,1.9129681289196014,0.09282243251800537
ch0_qrsbank_ac100,0.8822613954544067,-0.2640033960342407,2.348942756652832,-1.4615323543548584,-1.4710214138031006,0.24528726935386658,0.9962092494313874,0.22812981660114645,True,2.3532828092575073,0.6369741261005402
ch0_qrsbank_ac150,-0.4316025972366333,-1.269138216972351,0.6121681332588196,-1.1145529747009277,-1.2675243616104126,0.21133506298065186,0.7110721073457477,0.36147584988656634,True,0.8359217643737793,0.6429376602172852
ch0_qrsbank_ac250,2.1675069332122803,0.27747467160224915,4.191648960113525,-1.5180256366729736,-1.7290072441101074,0.288315087556839,0.9727065959059894,0.5492276120049183,True,3.8965141773223877,1.8791918456554413
ch0_qrsbank_ac350,-0.32288920879364014,-1.088475227355957,0.308036208152771,-0.9306833744049072,-0.9962120056152344,0.1661168932914734,0.6991000862006294,0.37092115061565906,True,0.6733227968215942,0.4890061020851135
ch0_qrsbank_high_rms,2.320584535598755,0.45237669348716736,4.003528118133545,-1.4392695426940918,-1.6146283149719238,0.2692476511001587,0.9734647460197119,0.6141523647888056,True,3.9352128505706787,2.051336884498596
ch0_qrsbank_high_mean_abs,0.34708690643310547,-0.88653564453125,1.75068998336792,-0.8489964008331299,-0.8675534129142761,0.14467152953147888,0.7264947500701029,0.05461268032488786,True,1.2146403193473816,0.2024153769016266
ch0_qrsbank_short_detail,-0.04273606091737747,-0.5922000408172607,0.7854714393615723,-0.22897952795028687,-0.17499107122421265,0.029175741598010063,0.09531400916011512,0.061563306374798676,True,0.13225501030683517,0.07191180251538754
ch1_mean,0.37193819880485535,-0.8492698073387146,1.848050594329834,-0.8450176119804382,-0.8597392439842224,0.14335913956165314,0.7529521119154196,0.043835616438356206,True,1.2316774427890778,0.2285790592432022
ch1_std,3.8316078186035156,1.5610905885696411,6.567131519317627,-0.8993163704872131,-0.8364295959472656,0.13947629928588867,1.0,0.830369049062224,True,4.668037414550781,3.692131519317627
ch1_mean_abs,2.795639991760254,0.752034068107605,5.317399024963379,-0.7022405862808228,-0.6464926600456238,0.10780459642410278,1.0,0.7039442010286961,True,3.4421326518058777,2.687835395336151
ch1_rms,0.628979504108429,-0.664850115776062,2.0728182792663574,-0.04338846355676651,-0.3031073808670044,0.05056772753596306,0.4725456188270483,0.22390765980291982,True,0.9320868849754333,0.5784117765724659
ch1_ptp,0.7093941569328308,-1.550690770149231,3.676053285598755,-0.2612552046775818,-0.2871423363685608,0.04787536337971687,0.3802148784363414,0.2532765876383285,True,0.9965364933013916,0.6615187935531139
ch1_diff_abs,2.9550845623016357,1.72688627243042,4.1410112380981445,-1.1549237966537476,-1.0496245622634888,0.17502281069755554,1.0,0.8290710562319242,True,4.0047091245651245,2.78006175160408
ch1_diff_rms,-0.3761175870895386,-0.5121211409568787,-0.22914369404315948,0.7537472248077393,2.3029699325561523,-0.3840281069278717,0.9662493379168527,0.0740063730668653,True,2.679087519645691,0.00791051983833313
ch1_flat,-0.15905529260635376,-1.1818792819976807,0.9642635583877563,-1.017196774482727,-1.0397052764892578,0.17338036000728607,0.7246668813027719,0.27585594790710566,True,0.880649983882904,0.33243565261363983
ch1_low_amp,-1.8353368043899536,-2.348954916000366,-1.145594835281372,2.477733612060547,1.072554588317871,-0.1788206398487091,0.975347139281523,0.7573108428727292,True,2.9078913927078247,1.6565161645412445
ch1_zcr,0.9170295000076294,0.06936480104923248,1.8623043298721313,-1.599696159362793,-1.7573132514953613,0.2930441200733185,0.9727065959059894,0.42437005351297996,True,2.6743427515029907,0.6239853799343109
ch1_diff_tail10,-0.34211716055870056,-0.9794282913208008,0.24597668647766113,-0.9574231505393982,-0.9704414010047913,0.1618262231349945,0.7976829686250481,0.37520825035069183,True,0.6283242404460907,0.5039433836936951
ch1_diff_tail02,-1.1106549501419067,-1.6289047002792358,-0.5716423988342285,0.18781913816928864,-0.36344680190086365,0.060603342950344086,0.8707250199923147,0.6455024851497151,False,0.7472081482410431,1.1712582930922508
ch1_detail_short,1.301302194595337,0.0609399639070034,2.707925796508789,-1.5840266942977905,-1.7420974969863892,0.2905029058456421,0.9727065959059894,0.446423808946539,True,3.043399691581726,1.0107992887496948
ch1_detail_long,-0.16950781643390656,-1.0793274641036987,0.730178713798523,-0.9522706270217896,-1.0017526149749756,0.16703324019908905,0.7231246170303365,0.30054205704587567,True,0.832244798541069,0.3365410566329956
ch1_baseline_slope,-0.41967642307281494,-1.1657941341400146,0.44453322887420654,-0.5240877866744995,-0.7842068076133728,0.13078320026397705,0.37561404966402523,0.378618187485929,False,0.36453038454055786,0.550459623336792
ch1_contact,2.2050511837005615,0.0798569843173027,4.56967830657959,-1.5061960220336914,-1.744471788406372,0.29088106751441956,0.9727065959059894,0.5370737578580953,True,3.9495229721069336,1.914170116186142
ch1_qrs_top01,-1.1374282836914062,-1.3627877235412598,-0.8104415535926819,3.6872200965881348,1.9624807834625244,-0.3272538185119629,0.9920264417834183,0.6578832066224478,True,3.0999090671539307,0.8101744651794434
ch1_qrs_top03,-0.8942891955375671,-1.8817023038864136,0.2665458917617798,2.6550910472869873,-0.06582388281822205,0.010922291316092014,0.6929569931558778,0.4936780215783732,False,0.8284653127193451,0.9052114868536592
ch1_qrs_top10,-0.49003884196281433,-0.5661922693252563,-0.4131867289543152,0.4442727863788605,2.1947124004364014,-0.3659697473049164,0.9696739954510993,0.5282051504078417,True,2.6847512423992157,0.12406909465789795
ch1_qrs_prom_ratio,4.0615692138671875,1.3813568353652954,7.408740043640137,-0.818830132484436,-0.7649142742156982,0.1275545060634613,1.0,0.8220589508685036,True,4.826483488082886,3.934014707803726
ch1_qrs_detail_rms,2.9439775943756104,0.5107759237289429,6.604795932769775,-0.6044394373893738,-0.5637779235839844,0.09400133043527603,1.0,0.6978984465649516,True,3.5077555179595947,2.8499762639403343
ch1_qrs_diff_top,0.9655705094337463,-0.5988477468490601,2.8656795024871826,-0.2616531252861023,-0.45440763235092163,0.0757899209856987,0.5905807637583474,0.3109407200872833,True,1.419978141784668,0.8897805884480476
ch1_qrs_diff_ratio,3.8316078186035156,1.5610905885696411,6.567131519317627,-0.8993163704872131,-0.8364295959472656,0.13947629928588867,1.0,0.830369049062224,True,4.668037414550781,3.692131519317627
ch1_qrs_baseline_span,2.795639991760254,0.752034068107605,5.317399024963379,-0.7022405862808228,-0.6464926600456238,0.10780459642410278,1.0,0.7039442010286961,True,3.4421326518058777,2.687835395336151
ch1_qrs_baseline_slope,0.628979504108429,-0.664850115776062,2.0728182792663574,-0.04338846355676651,-0.3031073808670044,0.05056772753596306,0.4725456188270483,0.22390765980291982,True,0.9320868849754333,0.5784117765724659
ch1_qrs_flat,3.384786367416382,1.6734941005706787,5.049249649047852,-1.0203466415405273,-0.9350428581237793,0.15591756999492645,1.0,0.8308859948392012,True,4.319829225540161,3.2288687974214554
ch1_qrs_low_amp,2.5042035579681396,0.9110233783721924,3.8820207118988037,-0.8078007698059082,-0.7335880398750305,0.12232267111539841,1.0,0.7016686005230071,True,3.23779159784317,2.3818808868527412
ch1_qrs_mean_abs,0.22940175235271454,-1.1512690782546997,1.8356364965438843,0.6642671227455139,0.3904353678226471,-0.06512104719877243,0.212346941954781,0.13958834837123113,False,0.16103361546993256,0.29452279955148697
ch1_qrs_rms,0.6983334422111511,-1.2987487316131592,3.4388701915740967,-0.1443563997745514,-0.15602071583271027,0.026019969955086708,0.2917969196257023,0.2086071038913807,True,0.8543541580438614,0.6723134722560644
ch1_qrs_ptp,3.83158802986145,1.5610835552215576,6.5670976638793945,-0.8993099927902222,-0.8364236354827881,0.1394769549369812,1.0,0.830369049062224,True,4.668011665344238,3.692111074924469
ch1_qrs_zcr,-0.36728665232658386,-0.4983373284339905,-0.2091415673494339,0.6107093095779419,2.234731435775757,-0.37264007329940796,0.9658832448824868,0.05504649914275328,True,2.6020180881023407,0.005353420972824097
ch1_stress_flat005,0.7093941569328308,-1.550690770149231,3.676053285598755,-0.2612552046775818,-0.2871423363685608,0.04787536337971687,0.3802148784363414,0.2532765876383285,True,0.9965364933013916,0.6615187935531139
ch1_stress_flat015,2.9550845623016357,1.72688627243042,4.1410112380981445,-1.1549237966537476,-1.0496245622634888,0.17502281069755554,1.0,0.8290710562319242,True,4.0047091245651245,2.78006175160408
ch1_stress_flat030,-0.3761175870895386,-0.5121211409568787,-0.22914369404315948,0.7537472248077393,2.3029699325561523,-0.3840281069278717,0.9662493379168527,0.0740063730668653,True,2.679087519645691,0.00791051983833313
ch1_stress_low015,0.5969619750976562,-1.4763239622116089,3.1658265590667725,-0.3299407660961151,-0.3373359441757202,0.05623525381088257,0.43210661875434897,0.23410543269314033,True,0.9342979192733765,0.5407267212867737
ch1_stress_low050,2.2438459396362305,1.453260898590088,2.9104554653167725,-1.3890162706375122,-1.2377363443374634,0.20639468729496002,1.0,0.7846180489409972,True,3.481582283973694,2.0374512523412704
ch1_stress_low100,-0.38306719064712524,-0.5484293699264526,-0.20998047292232513,1.1599680185317993,2.3605148792266846,-0.39362025260925293,0.9704321455648218,0.059485132397000484,True,2.74358206987381,0.010553061962127686
ch1_stress_zcr,-1.1374282836914062,-1.3627877235412598,-0.8104415535926819,3.6872200965881348,1.9624807834625244,-0.3272538185119629,0.9920264417834183,0.6578832066224478,True,3.0999090671539307,0.8101744651794434
ch1_stress_dzcr,-0.8942891955375671,-1.8817023038864136,0.2665458917617798,2.6550910472869873,-0.06582388281822205,0.010922291316092014,0.6929569931558778,0.4936780215783732,False,0.8284653127193451,0.9052114868536592
ch1_stress_flat_run101_max,-0.49003884196281433,-0.5661922693252563,-0.4131867289543152,0.4442727863788605,2.1947124004364014,-0.3659697473049164,0.9696739954510993,0.5282051504078417,True,2.6847512423992157,0.12406909465789795
ch1_stress_flat_run251_max,-0.8942212462425232,-1.8816314935684204,0.2666107416152954,2.655149459838867,-0.0657581016421318,0.0109879020601511,0.6929569931558778,0.4936780215783732,False,0.8284631446003914,0.9052091483026743
ch1_stress_low_run101_max,0.8375949263572693,0.11987312883138657,1.4696210622787476,2.615302801132202,-1.9322032928466797,0.3222147524356842,0.9711902956785443,0.42268586668513936,True,2.769798219203949,0.5153801739215851
ch1_stress_low_run251_max,-1.2811028957366943,-1.5891493558883667,-0.806328535079956,3.340599536895752,1.9164406061172485,-0.31958073377609253,0.9855951478392722,0.7165743033787646,True,3.197543501853943,0.9615221619606018
ch1_stress_baseline_span101,4.963357925415039,2.3651552200317383,7.397680759429932,-0.9831841588020325,-0.890192449092865,0.14841975271701813,1.0,0.8775132916543997,True,5.853550374507904,4.814938172698021
ch1_stress_baseline_span251,3.4332149028778076,1.5975830554962158,5.288418292999268,-0.8372589945793152,-0.7392714619636536,0.1232500746846199,1.0,0.8045113693434702,True,4.172486364841461,3.3099648281931877
ch1_stress_baseline_slope251,2.2735683917999268,1.7169605493545532,2.5184757709503174,-0.7160247564315796,-0.6314105987548828,0.1052374616265297,0.9491520142906105,0.8322740418752057,True,2.9049789905548096,2.168330930173397
ch1_stress_baseline_curve251,4.778501987457275,2.134697914123535,7.84564208984375,-0.9764794111251831,-0.8956786394119263,0.14936169981956482,1.0,0.8586538628058813,True,5.674180626869202,4.629140287637711
ch1_stress_detail_ratio31,3.4249603748321533,1.2861416339874268,5.762574195861816,-0.7896531820297241,-0.7082210183143616,0.11810602247714996,1.0,0.7639774518123409,True,4.133181393146515,3.3068543523550034
ch1_stress_detail_ratio101,2.0884366035461426,0.6852432489395142,3.1940228939056396,-0.46402862668037415,-0.5443674325942993,0.09077350795269012,0.8545156667047473,0.6689191763503801,True,2.632804036140442,1.9976630955934525
ch1_stress_diff_top01,2.842010498046875,-0.2209445834159851,7.539428234100342,-0.7811853885650635,-0.6972429752349854,0.11630294471979141,0.8426215376946005,0.5357532514763694,True,3.5392534732818604,2.7257075533270836
ch1_stress_diff_top10,3.3208813667297363,2.650583505630493,3.5839078426361084,-1.327865719795227,-1.1899423599243164,0.19841861724853516,1.0,0.9151394974282597,True,4.510823726654053,3.122462749481201
ch1_stress_ptp,-0.09873005002737045,-0.8513081669807434,0.9442328214645386,1.382380723953247,2.1630055904388428,-0.3607007563114166,0.9229309252547073,0.18748333131288641,True,2.2617356404662132,0.2619707062840462
ch1_stress_top_abs10,2.080338478088379,-0.5771979093551636,6.0815534591674805,-0.7246201634407043,-0.6628254055976868,0.110548235476017,0.7305996655831005,0.4002303309492059,True,2.7431638836860657,1.969790242612362
ch1_stress_flat_run101_mean,3.485231637954712,2.378650426864624,4.28209114074707,-1.3053171634674072,-1.1778885126113892,0.19639647006988525,1.0,0.9003480941412813,True,4.663120150566101,3.2888351678848267
ch1_stress_low_run101_mean,-0.31525352597236633,-0.7004187107086182,0.16864241659641266,0.9916638135910034,2.283499002456665,-0.3807729184627533,0.9586418727346371,0.11053461025578859,True,2.5987525284290314,0.06551939249038696
ch1_qrsbank_top005,2.1675069332122803,0.27747467160224915,4.191648960113525,-1.5180256366729736,-1.7290072441101074,0.288315087556839,0.9727065959059894,0.5492276120049183,True,3.8965141773223877,1.8791918456554413
ch1_qrsbank_top02,-0.32288920879364014,-1.088475227355957,0.308036208152771,-0.9306833744049072,-0.9962120056152344,0.1661168932914734,0.6991000862006294,0.37092115061565906,True,0.6733227968215942,0.4890061020851135
ch1_qrsbank_top10,2.320584535598755,0.45237669348716736,4.003528118133545,-1.4392695426940918,-1.6146283149719238,0.2692476511001587,0.9734647460197119,0.6141523647888056,True,3.9352128505706787,2.051336884498596
ch1_qrsbank_top_ratio,1.4706237316131592,0.04937778040766716,2.7800450325012207,-1.5877047777175903,-1.7157694101333618,0.2861059606075287,0.9734647460197119,0.4053409071229413,True,3.186393141746521,1.1845177710056305
ch1_qrsbank_local_top01,-0.35497361421585083,-1.0651293992996216,0.24504169821739197,-0.9509754776954651,-1.009207844734192,0.16827185451984406,0.7185497523030108,0.4064821709990821,True,0.6542342305183411,0.5232454687356949
ch1_qrsbank_local_top03,1.5210189819335938,0.1062534973025322,2.88189697265625,-1.5315781831741333,-1.6317059993743896,0.272092342376709,0.9727065959059894,0.4141688169994632,True,3.1527249813079834,1.2489266395568848
ch1_qrsbank_peak_cv,0.43622756004333496,-0.7839823365211487,1.7850114107131958,-0.8676960468292236,-0.8659914135932922,0.14440453052520752,0.8103352477489173,0.09914188732833418,True,1.3022189736366272,0.29182302951812744
ch1_qrsbank_peak_density08,0.18296918272972107,-0.6091295480728149,1.2521262168884277,-0.2458513379096985,-0.16035637259483337,0.026743369176983833,0.16477302231869306,0.10893614810453212,True,0.34332555532455444,0.15622581355273724
ch1_qrsbank_peak_density12,0.4742881953716278,-0.7877673506736755,1.8740957975387573,-0.8700045347213745,-0.8702313899993896,0.14511284232139587,0.8110674338176493,0.10276830091959194,True,1.3445195853710175,0.32917535305023193
ch1_qrsbank_peak_density18,1.3522454500198364,0.05248209461569786,2.5579135417938232,-1.5225834846496582,-1.5988601446151733,0.26660647988319397,0.9719484457922669,0.36857281402074704,True,2.9511055946350098,1.0856389701366425
ch1_qrsbank_no_peak251,-0.26729127764701843,-0.9673168063163757,0.5974406599998474,-0.8875890970230103,-0.915844202041626,0.1527264565229416,0.6343976860843104,0.2866953570129713,True,0.6485529243946075,0.42001773416996
ch1_qrsbank_ac50,1.347246527671814,0.0453474260866642,2.580660820007324,-1.4811981916427612,-1.551843285560608,0.2587856352329254,0.9719484457922669,0.36514815648650045,True,2.899089813232422,1.0884608924388885
ch1_qrsbank_ac100,-3.129208564758301,-5.170401573181152,-1.378433346748352,0.8796877861022949,0.879794716835022,-0.14668765664100647,0.9715563887129104,0.7964991427532341,True,4.009003281593323,2.9825209081172943
ch1_qrsbank_ac150,-1.66408109664917,-4.412902355194092,0.29021555185317993,-1.3135751485824585,-1.2335294485092163,0.2051468789577484,0.30315878571354393,0.6204648182463676,False,0.4305516481399536,1.8692279756069183
ch1_qrsbank_ac250,-1.0720806121826172,-1.402588129043579,-0.7574281096458435,0.5238785743713379,1.8409374952316284,-0.3069756329059601,0.9616744731895271,0.7125573662608455,True,2.9130181074142456,0.7651049792766571
ch1_qrsbank_ac350,-2.4968795776367188,-5.262948036193848,-0.6675000190734863,0.6917547583580017,0.7026475667953491,-0.11721529066562653,0.9685237882580203,0.7449890029960342,True,3.199527144432068,2.3796642869710922
ch1_qrsbank_high_rms,-0.9893854260444641,-3.2401552200317383,0.24478945136070251,-1.2515106201171875,0.8693345785140991,-0.14440877735614777,0.45636222958447137,0.4477685606913392,True,1.8587200045585632,0.8449766486883163
ch1_qrsbank_high_mean_abs,-0.6520048975944519,-1.5411165952682495,0.1362570822238922,0.8738946318626404,1.2991341352462769,-0.21663786470890045,0.7225975469170294,0.22243215627868318,True,1.9511390328407288,0.43536703288555145
ch1_qrsbank_short_detail,-0.7055780291557312,-1.2242343425750732,-0.09552062302827835,-0.6169872283935547,-0.8447073101997375,0.14085885882377625,0.4000046735280983,0.489943369759105,False,0.13912928104400635,0.8464368879795074
ch2_mean,-0.5922576785087585,-1.1413276195526123,0.07261563092470169,-0.19693700969219208,-0.781140148639679,0.13025878369808197,0.3528435822073593,0.4313449249259651,False,0.1888824701309204,0.7225164622068405
ch2_std,-0.3409927785396576,-1.068522572517395,0.38142409920692444,-0.9717968106269836,-0.9929927587509155,0.16557930409908295,0.7535544777591991,0.3792762759122318,True,0.6519999802112579,0.5065720826387405
ch2_mean_abs,-1.160140872001648,-1.636619210243225,-0.6390539407730103,-0.1272527277469635,-0.5976625680923462,0.0996665209531784,0.8296291295813557,0.6969987704137298,False,0.5624783039093018,1.2598073929548264
ch2_rms,-1.0988699197769165,-1.6491754055023193,-0.37905293703079224,0.9481160044670105,-0.505692720413208,0.08432942628860474,0.7364052260429758,0.632455882098263,False,0.5931771993637085,1.1831993460655212
ch2_ptp,-0.40105822682380676,-1.121906042098999,0.2748175859451294,-0.9733788371086121,-0.9730378985404968,0.16225317120552063,0.6397307009253586,0.3833642173077256,True,0.5719796717166901,0.5633113980293274
ch2_diff_abs,-0.16950781643390656,-1.0793274641036987,0.730178713798523,-0.9522706270217896,-1.0017526149749756,0.16703324019908905,0.7231246170303365,0.30054205704587567,True,0.832244798541069,0.3365410566329956
ch2_diff_rms,-0.41967642307281494,-1.1657941341400146,0.44453322887420654,-0.5240877866744995,-0.7842068076133728,0.13078320026397705,0.37561404966402523,0.378618187485929,False,0.36453038454055786,0.550459623336792
ch2_flat,2.2050511837005615,0.0798569843173027,4.56967830657959,-1.5061960220336914,-1.744471788406372,0.29088106751441956,0.9727065959059894,0.5370737578580953,True,3.9495229721069336,1.914170116186142
ch2_low_amp,-0.3040984272956848,-1.060377836227417,0.4558514356613159,-1.051077127456665,-1.0777171850204468,0.1797178089618683,0.8011076261592947,0.35902880002770904,True,0.773618757724762,0.4838162362575531
ch2_zcr,-1.162894606590271,-1.6406309604644775,-0.6404489874839783,-0.12128995358943939,-0.5944939255714417,0.0991298109292984,0.8303872796950782,0.6971251926640458,False,0.5684006810188293,1.2620244175195694
ch2_diff_tail10,1.8199446201324463,0.03495402634143829,3.7707200050354004,-1.5482913255691528,-1.7108412981033325,0.285285621881485,0.9727065959059894,0.48925237691148704,True,3.530785918235779,1.5346589982509613
ch2_diff_tail02,3.836087465286255,1.540313959121704,6.561496734619141,-0.8957312703132629,-0.8331236839294434,0.1389290988445282,1.0,0.834793827823286,True,4.669211149215698,3.6971583664417267
ch2_detail_short,2.8098273277282715,0.7418214082717896,5.334293365478516,-0.7011297941207886,-0.6450695991516113,0.10756255686283112,1.0,0.7055876902828049,True,3.454896926879883,2.7022647708654404
ch2_detail_long,0.6197744607925415,-0.6527564525604248,2.1069283485412598,-0.0533115528523922,-0.3106209933757782,0.05177360773086548,0.4801790480542545,0.2252931091214519,True,0.9303954541683197,0.568000853061676
ch2_baseline_slope,0.7002079486846924,-1.6074261665344238,3.7481327056884766,-0.27303996682167053,-0.2956084907054901,0.04927552863955498,0.3756400137090158,0.25475988431498187,True,0.9958164393901825,0.6509324200451374
ch2_contact,2.9642839431762695,1.7444071769714355,4.152464866638184,-1.1528522968292236,-1.047351598739624,0.1746440976858139,1.0,0.8335070917686993,True,4.0116355419158936,2.7896398454904556
ch2_qrs_top01,-0.37856215238571167,-0.5138767957687378,-0.2272476702928543,0.7457827925682068,2.3031675815582275,-0.3840548098087311,0.9662493379168527,0.07592262265555993,True,2.681729733943939,0.005492657423019409
ch2_qrs_top03,-0.5472789406776428,-1.129029631614685,0.05250183865427971,-0.9972424507141113,-1.018592119216919,0.1698484569787979,0.6930348852908492,0.5127954903624682,False,0.4713131785392761,0.7171273976564407
ch2_qrs_top10,-0.5779093503952026,-1.2019257545471191,0.18944522738456726,-0.6104385256767273,-0.8427594900131226,0.14054493606090546,0.36309159076510844,0.44186914431186464,False,0.2648501396179199,0.7184542864561081
ch2_qrs_prom_ratio,0.6723185777664185,-0.6970083117485046,2.236238956451416,-1.0052577257156372,-1.195393443107605,0.19932423532009125,0.9654911878031303,0.1560864520374764,True,1.8677120208740234,0.4729943424463272
ch2_qrs_detail_rms,-0.6954295039176941,-1.173091173171997,-0.18803907930850983,-1.0077383518218994,-1.0286192893981934,0.17152275145053864,0.6332215148462409,0.5961363282129435,False,0.33318978548049927,0.8669522553682327
ch2_qrs_diff_top,-0.8332252502441406,-1.2665261030197144,-0.3343903720378876,-0.605055034160614,-0.8403322100639343,0.14013493061065674,0.4681576952236543,0.5902334482101727,False,0.007106959819793701,0.9733601808547974
ch2_qrs_diff_ratio,0.5854622721672058,-0.7447307109832764,2.084557294845581,-1.0268259048461914,-1.212228775024414,0.20215272903442383,0.9681576952236542,0.11897459432312141,True,1.7976910471916199,0.383309543132782
ch2_qrs_baseline_span,-0.722061812877655,-1.3703269958496094,-0.15439821779727936,-0.9203301668167114,-0.9543772339820862,0.15913790464401245,0.432734948643119,0.5535822523942295,False,0.23231542110443115,0.8811997175216675
ch2_qrs_baseline_slope,-1.1612496376037598,-1.640480399131775,-0.6157062649726868,-0.1300918161869049,-0.6042872667312622,0.10075168311595917,0.8227798145128625,0.6971251926640458,False,0.5569623708724976,1.262001320719719
ch2_qrs_flat,0.2810535430908203,-0.836913526058197,1.3944141864776611,-1.0391972064971924,-1.2159579992294312,0.20276440680027008,0.9651250947687642,0.11365533484578219,True,1.4970115423202515,0.07828913629055023
ch2_qrs_low_amp,-0.47578027844429016,-1.1849442720413208,0.4109470546245575,-1.5489661693572998,-1.5917794704437256,0.2654457986354828,0.9669555599405943,0.46205514088287764,True,1.1159991919994354,0.741226077079773
ch2_qrs_mean_abs,0.6942926645278931,-0.5046966671943665,2.191887617111206,-1.494073510169983,-1.5251893997192383,0.25433149933815,0.9931766489764974,0.18053876660374413,True,2.2194820642471313,0.43996116518974304
ch2_qrs_rms,1.1200767755508423,-0.006974050309509039,2.5581960678100586,0.14333325624465942,0.0289332065731287,-0.004866303876042366,0.6381339121584431,0.5650667613390368,False,1.0911435689777136,1.1249430794268847
ch2_qrs_ptp,-0.8171267509460449,-1.219374179840088,-0.4357793927192688,-1.0177052021026611,-1.0427045822143555,0.17388612031936646,0.5430821398527319,0.6469442183468126,False,0.22557783126831055,0.9910128712654114
ch2_qrs_zcr,-0.774444580078125,-1.2353036403656006,-0.21673515439033508,-0.624382495880127,-0.8503381013870239,0.14179958403110504,0.4281860479607839,0.5274743258923159,False,0.07589352130889893,0.91624416410923
ch2_stress_flat005,0.13543064892292023,-0.9263333678245544,1.0199939012527466,-1.008065104484558,-1.2131531238555908,0.20228926837444305,0.9411784560740287,0.1367230659993419,True,1.348583772778511,0.06685861945152283
ch2_stress_flat015,-0.941940188407898,-1.4445383548736572,-0.4469659626483917,-0.9328353404998779,-0.9869880080223083,0.16456791758537292,0.4110887243345415,0.6470082953777947,False,0.0450478196144104,1.1065081059932709
ch2_stress_flat030,-1.020429253578186,-1.4694533348083496,-0.5275322794914246,-0.4497203528881073,-0.783070981502533,0.13057856261730194,0.6272082420264418,0.6536134250038965,False,0.23735827207565308,1.151007816195488
ch2_stress_low015,-0.4096929430961609,-1.0678961277008057,0.2266746312379837,-1.0019869804382324,-1.2104660272598267,0.2018466740846634,0.8837174281055594,0.39376114853748506,True,0.8007730841636658,0.6115396171808243
ch2_stress_low050,0.07413935661315918,-1.094846248626709,1.6298792362213135,-1.7633992433547974,-1.7605111598968506,0.2935803532600403,0.9852030907599156,0.2633176315743899,True,1.8346505165100098,0.2194409966468811
ch2_stress_low100,1.2214103937149048,-0.44319966435432434,3.5050718784332275,-1.3030198812484741,-1.361438274383545,0.22702385485172272,0.9882356912148057,0.2693633860381345,True,2.5828486680984497,0.9943865388631821
ch2_stress_zcr,3.8930041790008545,1.1785664558410645,7.46256685256958,-0.41556185483932495,-0.6796166300773621,0.11333245784044266,0.9730467248953648,0.7836153299967096,True,4.5726208090782166,3.779671721160412
ch2_stress_dzcr,-0.5131155848503113,-0.8898357152938843,-0.09022185206413269,2.579766273498535,2.241283416748047,-0.3737369477748871,0.9969673995451099,0.14421141956600803,True,2.754399001598358,0.1393786370754242
ch2_stress_flat_run101_max,-0.5182720422744751,-0.9165477752685547,-0.07206075638532639,1.7630902528762817,2.0606813430786133,-0.34362465143203735,0.9958171923520309,0.2199097726131306,True,2.5789533853530884,0.17464739084243774
ch2_stress_flat_run251_max,-0.9682139754295349,-1.202951431274414,-0.6773122549057007,1.4921320676803589,2.2767763137817383,-0.3796469569206238,0.9977255496588324,0.7096409954453353,True,3.244990289211273,0.5885670185089111
ch2_stress_low_run101_max,-0.2610893249511719,-0.6004481911659241,0.1529211550951004,2.6634483337402344,2.3403968811035156,-0.3902527093887329,0.9931766489764974,0.21591534904663767,True,2.6014862060546875,0.12916338443756104
ch2_stress_low_run251_max,-0.34480854868888855,-0.7859869003295898,0.15014687180519104,1.847190499305725,2.1895785331726074,-0.36510276794433594,0.9939347990902199,0.1738401191486414,True,2.534387081861496,0.020294219255447388
ch2_stress_baseline_span101,-0.9634313583374023,-1.211708903312683,-0.6830369830131531,1.2133824825286865,2.2818784713745117,-0.3804941773414612,0.9946929492039424,0.7225360649775731,True,3.245309829711914,0.5829371809959412
ch2_stress_baseline_span251,-0.08813150972127914,-0.7302038669586182,0.6238284707069397,2.796294689178467,2.255288600921631,-0.37605729699134827,0.9787717968157695,0.3299464870200717,True,2.34342011064291,0.2879257872700691
ch2_stress_baseline_slope251,-0.14447426795959473,-1.1523295640945435,0.8741046190261841,1.6356152296066284,1.901124358177185,-0.31696778535842896,0.960524265996448,0.23669622291879538,True,2.04559862613678,0.17249351739883423
ch2_stress_baseline_curve251,-0.7114081978797913,-1.0310839414596558,-0.36605915427207947,1.0970968008041382,2.161942481994629,-0.3605102598667145,0.9719484457922669,0.44220165214831236,True,2.87335067987442,0.3508979380130768
ch2_stress_detail_ratio31,-0.08250818401575089,-0.7817254066467285,0.5081659555435181,-2.3813133239746094,-2.2566308975219727,0.37627264857292175,0.9677656381442977,0.43056214606099436,True,2.1741227135062218,0.45878083258867264
ch2_stress_detail_ratio101,0.028429729864001274,-0.6789512038230896,0.7151854634284973,-1.4193674325942993,-1.8858791589736938,0.31453409790992737,0.977229532543334,0.3537649585231111,True,1.9143088888376951,0.2861043680459261
ch2_stress_diff_top01,0.7835239768028259,0.3579097092151642,1.0965685844421387,-1.4429593086242676,-2.199955701828003,0.3669211268424988,0.9742228961334344,0.46358346466238337,True,2.983479678630829,0.41660284996032715
ch2_stress_diff_top10,0.3178987503051758,-0.4498068690299988,1.0929594039916992,1.5595961809158325,-1.0325788259506226,0.17218275368213654,0.36950730628226036,0.18535839842058777,True,1.3504775762557983,0.14571599662303925
ch2_stress_ptp,0.08110591024160385,-0.4764832854270935,0.6471238732337952,3.713901996612549,-0.5864594578742981,0.09779387712478638,0.2841557011849991,0.17120603363178222,True,0.667565368115902,0.016687966883182526
ch2_stress_top_abs10,-0.6241506934165955,-1.5912532806396484,0.28834107518196106,0.37255746126174927,-0.5173060297966003,0.08626123517751694,0.16735125198624945,0.3489184836257208,False,0.10684466361999512,0.7104119285941124
ch2_stress_flat_run101_mean,-0.10190898180007935,-0.4915463328361511,0.25033873319625854,0.6464441418647766,0.13438555598258972,-0.022408679127693176,0.2739284638632421,0.2625383163327156,True,0.23629453778266907,0.07950030267238617
ch2_stress_low_run101_mean,-0.03159895911812782,-0.2311716228723526,0.19293205440044403,1.8454543352127075,0.08210959285497665,-0.013691921718418598,0.24166813796254946,0.12247198794659092,True,0.11370855197310448,0.017907037399709225
ch2_qrsbank_top005,-0.18344172835350037,-0.6621403694152832,0.3051324188709259,-0.15089237689971924,-0.1341298222541809,0.0223649051040411,0.220857955902666,0.2902680844431359,False,0.04931190609931946,0.20580663345754147
ch2_qrsbank_top02,0.04265633597970009,-0.4230518639087677,0.4597081243991852,0.8654991984367371,0.020520731806755066,-0.0034218751825392246,0.20090978013646701,0.17839738150078796,False,0.022135604172945023,0.04607821116223931
ch2_qrsbank_top10,-0.03827577829360962,-0.258987694978714,0.1941113919019699,1.9977447986602783,-0.035070452839136124,0.00584810646250844,0.2390535586320064,0.057777566111909665,False,0.0032053254544734955,0.04412388475611806
ch2_qrsbank_top_ratio,0.23290769755840302,-0.26105350255966187,0.7737990617752075,0.18040484189987183,0.20315632224082947,-0.03387588635087013,0.1902749073083594,0.2885596522522211,False,0.029751375317573547,0.26678358390927315
ch2_qrsbank_local_top01,-0.010338833555579185,-0.41719451546669006,0.4468305706977844,0.71258145570755,-0.1409827470779419,0.023509075865149498,0.24219001526685846,0.15570631938070417,True,0.1306439135223627,0.033847909420728683
ch2_qrsbank_local_top03,0.05623306706547737,-0.17342032492160797,0.31540584564208984,1.874311089515686,-0.0991678312420845,0.016536101698875427,0.25795538338508833,0.09910898290701904,True,0.15540089830756187,0.039696965366601944
ch2_qrsbank_peak_cv,-0.09262232482433319,-0.6639916300773621,0.43329504132270813,-0.05257430672645569,-0.19861844182014465,0.033119622617959976,0.20606104666258165,0.1779878080459969,False,0.10599611699581146,0.12574194744229317
ch2_qrsbank_peak_density08,-0.02196957729756832,-0.4582575857639313,0.4050111472606659,0.5897030830383301,0.2127288579940796,-0.035472288727760315,0.2389497024520444,0.14517170912491556,True,0.2346984352916479,0.013502711430191994
ch2_qrsbank_peak_density12,0.012614709325134754,-0.21893781423568726,0.2910955250263214,1.4926831722259521,0.08125484734773636,-0.013549372553825378,0.2778516310613063,0.09957224252290323,True,0.0686401380226016,0.026164081878960133
ch2_qrsbank_peak_density18,0.007327210623770952,-0.5788480639457703,0.6784682273864746,-0.0606723390519619,0.1424870640039444,-0.02375980280339718,0.1717885072751254,0.17972135150581026,True,0.13515985338017344,0.03108701342716813
ch2_qrsbank_no_peak251,-0.8000965118408203,-1.3937104940414429,-0.2900674343109131,-0.8291031122207642,-0.8514965772628784,0.14199447631835938,0.5012280993280505,0.6019179814003428,False,0.051400065422058105,0.9420909881591797
ch2_qrsbank_ac50,-1.110607385635376,-1.6267534494400024,-0.5720596313476562,0.17507150769233704,-0.3773047924041748,0.06291908770799637,0.8657840622306231,0.6457778432017733,False,0.7333025932312012,1.1735264733433723
ch2_qrsbank_ac100,-0.07749304920434952,-0.936699390411377,0.7208988666534424,-1.0567303895950317,-1.2226295471191406,0.20388780534267426,0.957491665541558,0.2110567514677104,True,1.145136497914791,0.2813808545470238
ch2_qrsbank_ac150,-1.221075177192688,-1.888401746749878,-0.5541387796401978,-0.5524884462356567,-0.5904430150985718,0.0984402447938919,0.8406872163428085,0.6978837261659422,False,0.6306321620941162,1.31951542198658
ch2_qrsbank_ac250,-1.8439456224441528,-2.37027645111084,-1.1260955333709717,2.398693084716797,1.0011450052261353,-0.16693130135536194,0.974981046247157,0.758010494778588,True,2.845090627670288,1.677014321088791
ch2_qrsbank_ac350,-0.3963349461555481,-0.980636715888977,0.15829625725746155,-1.0661755800247192,-1.2302111387252808,0.20514407753944397,0.9449432425976508,0.3841565211367612,True,0.8338761925697327,0.6014790236949921
ch2_qrsbank_high_rms,-1.7230539321899414,-2.284207582473755,-1.0309834480285645,0.0006723875994794071,0.030508410185575485,-0.005078387446701527,0.959007965769003,0.7625080096288728,True,1.753562342375517,1.7179755447432399
ch2_qrsbank_high_mean_abs,-1.845690369606018,-2.325005292892456,-1.1668932437896729,2.2523629665374756,0.9532089233398438,-0.15895286202430725,0.9742228961334344,0.759763088166531,True,2.798899292945862,1.6867375075817108
ch2_qrsbank_short_detail,-1.0416219234466553,-1.5587093830108643,-0.5494381785392761,-1.0424129962921143,-1.1091328859329224,0.18495593965053558,0.20916375003894605,0.7178246713887398,False,0.06751096248626709,1.2265778630971909
